seed,state,replicate,q_gain_full_vs_diagonal_cov,q_gain_shrink90_vs_diagonal_cov,reference_mean_q_gain_over_actor_mean,local_Q_mode_gain_over_actor_mean,reference_mean_displacement
0,0,0,0.35186767578125,0.31072998046875,0.800567626953125,1.077728271484375,0.819406270980835
0,1,0,0.2235107421875,0.3145751953125,2.753143310546875,3.00567626953125,1.3099730014801025
0,2,0,0.162872314453125,0.26385498046875,0.643768310546875,0.7615966796875,0.5987719297409058
0,3,0,0.2884521484375,0.25274658203125,0.384490966796875,0.4656982421875,0.5313355922698975
0,0,1,0.353424072265625,0.30908203125,0.796173095703125,1.077728271484375,0.8264892101287842
0,1,1,0.22808837890625,0.309326171875,2.74761962890625,3.00567626953125,1.3126157522201538
0,2,1,0.155853271484375,0.2529296875,0.64068603515625,0.7615966796875,0.598336935043335
0,3,1,0.3050537109375,0.263031005859375,0.37457275390625,0.4656982421875,0.51151043176651
1,0,0,0.258270263671875,0.242767333984375,0.101715087890625,0.172210693359375,0.2667449712753296
1,1,0,0.852630615234375,0.342681884765625,1.451507568359375,1.413482666015625,1.452201008796692
1,2,0,0.13507080078125,0.260467529296875,0.9156494140625,0.99591064453125,0.5607937574386597
1,3,0,0.5078125,0.410186767578125,11.201934814453125,10.52740478515625,2.9285802841186523
1,0,1,0.25579833984375,0.243011474609375,0.102813720703125,0.172210693359375,0.2676459848880768
1,1,1,0.899017333984375,0.333251953125,1.427947998046875,1.413482666015625,1.4049605131149292
1,2,1,0.157623291015625,0.27734375,0.898712158203125,0.99591064453125,0.5526681542396545
1,3,1,0.4581298828125,0.4061279296875,11.223876953125,10.52740478515625,2.9372670650482178
2,0,0,0.1527099609375,0.2503662109375,0.086181640625,0.166015625,0.3164982497692108
2,1,0,0.564697265625,0.53094482421875,0.982086181640625,1.114532470703125,0.5811375379562378
2,2,0,0.14984130859375,0.23236083984375,0.25537109375,0.4603271484375,0.5456371307373047
2,3,0,0.122344970703125,0.2205810546875,0.413665771484375,0.465362548828125,0.496212363243103
2,0,1,0.15350341796875,0.25946044921875,0.0870361328125,0.166015625,0.32491740584373474
2,1,1,0.58526611328125,0.454010009765625,0.985321044921875,1.114532470703125,0.5930819511413574
2,2,1,0.14923095703125,0.22119140625,0.257598876953125,0.4603271484375,0.5264236330986023
2,3,1,0.12054443359375,0.2330322265625,0.409881591796875,0.465362548828125,0.5037860870361328
3,0,0,0.07470703125,0.227752685546875,0.6668701171875,0.738250732421875,0.6875024437904358
3,1,0,0.258270263671875,0.29248046875,1.97052001953125,2.12921142578125,1.1924660205841064
3,2,0,0.16265869140625,0.248443603515625,0.2042236328125,0.330230712890625,0.22787843644618988
3,3,0,0.298828125,0.266326904296875,0.4847412109375,0.5849609375,0.5351808071136475
3,0,1,0.07293701171875,0.23175048828125,0.663482666015625,0.738250732421875,0.6882150769233704
3,1,1,0.2598876953125,0.29058837890625,2.0003662109375,2.12921142578125,1.2408732175827026
3,2,1,0.156280517578125,0.23638916015625,0.2149658203125,0.330230712890625,0.22005675733089447
3,3,1,0.30224609375,0.25897216796875,0.4818115234375,0.5849609375,0.5198911428451538
