contrast,metric,mean,conditional_MC_SE,conditional_MC_t95_low,conditional_MC_t95_high
NLL_minus_current,predicted_advantage,1.0058326721191406,0.0,1.0058326721191406,1.0058326721191406
NLL_minus_current,MC_advantage,4.730816979562603,1.6442352422921187,1.4450750346796335,8.016558924445572
NLL_minus_current,overprediction,-3.724984307443464,1.6442352422921187,-7.0107262523264335,-0.4392423625604942
NLL_minus_current,error_from_training_residual,-6.345033706494418,2.21792583742714,-10.777204826069118,-1.912862586919717
NLL_minus_current,error_from_twin_min,1.2587574561367691,0.83220845538469,-0.4042784394640744,2.9217933517376125
NLL_minus_current,error_from_target_lag,1.360977916510585,0.6106669813605408,0.14065733013617088,2.5812985028849993
NLL_minus_current,tail_correction,0.00031402640357807083,0.00022654329289347537,-0.00013868424307753393,0.0007667370502336756
maxQ_minus_current,predicted_advantage,0.7285099029541016,0.0,0.7285099029541016,0.7285099029541016
maxQ_minus_current,MC_advantage,4.394740321409618,1.6889247918266987,1.0196934378981597,7.769787204921076
maxQ_minus_current,overprediction,-3.6662304184555157,1.6889247918266987,-7.041277301966973,-0.2911835349440577
maxQ_minus_current,error_from_training_residual,-5.466365102403231,2.1962080249206175,-9.855136636767542,-1.077593568038921
maxQ_minus_current,error_from_twin_min,0.995131735897623,0.7793655790934346,-0.5623060976665519,2.552569569461798
maxQ_minus_current,error_from_target_lag,0.8045408265539644,0.6099175677540611,-0.41428217622806596,2.023363829335995
maxQ_minus_current,tail_correction,0.00046212149613982965,0.00022265105231427212,1.7188871631977653e-05,0.0009070541206476816
minQ_minus_current,predicted_advantage,-5.086198806762695,0.0,-5.086198806762695,-5.086198806762695
minQ_minus_current,MC_advantage,-0.7119942811538331,1.7036768880214488,-4.1165208765673835,2.692532314259717
minQ_minus_current,overprediction,-4.374204525608862,1.7036768880214488,-7.778731121022412,-0.9696779301953118
minQ_minus_current,error_from_training_residual,-6.620429096435279,2.024020129666815,-10.665110578911492,-2.5757476139590656
minQ_minus_current,error_from_twin_min,1.3996595017029048,0.7664754761448704,-0.1320195165515372,2.9313385199573467
minQ_minus_current,error_from_target_lag,0.8463163919553263,0.6107064103817723,-0.3740829870307374,2.06671577094139
minQ_minus_current,tail_correction,0.00024867716817952623,0.00021748817768763465,-0.00018593827464982916,0.0006832926110088816
maxQ_minus_minQ,predicted_advantage,5.814708709716797,0.0,5.814708709716797,5.814708709716797
maxQ_minus_minQ,MC_advantage,5.10673460256345,1.6815526252480613,1.7464198184067818,8.467049386720118
maxQ_minus_minQ,overprediction,0.7079741071533473,1.6815526252480613,-2.652340677003321,4.068288891310016
maxQ_minus_minQ,error_from_training_residual,1.1540639940320476,2.0345320854403224,-2.911623955839681,5.219751943903776
maxQ_minus_minQ,error_from_twin_min,-0.40452776580528216,0.7448246899946865,-1.8929411403345717,1.0838856087240074
maxQ_minus_minQ,error_from_target_lag,-0.041775565401361736,0.5867059053311097,-1.2142137621216778,1.1306626313189545
maxQ_minus_minQ,tail_correction,0.00021344432796030344,0.00019382235242357133,-0.0001738787367893775,0.0006007673927099844
