variant,seed,step,mean_action_spread,pretanh_mean_variance,conditional_noise_variance,mean_variance_fraction,sigma_mean,sigma_latent_variance
baseline,0,5001,0.004154839087277651,1.7553535144543275e-05,2.0521669387817383,8.536439963791054e-06,0.5064688920974731,9.000864338304382e-07
baseline,0,50000,0.01964896358549595,0.0005252886330708861,3.5777740478515625,0.00015571768744848669,0.6627912521362305,5.777748356194934e-06
baseline,0,100000,0.021437659859657288,0.000651510083116591,3.700876235961914,0.00018709906726144254,0.6741571426391602,1.0638590538292192e-05
baseline,0,250000,0.0209560077637434,0.0006395359523594379,3.618954658508301,0.0001939029898494482,0.6615896224975586,2.796917215164285e-05
baseline,0,1000000,0.023329872637987137,0.0012600601185113192,9.319904327392578,0.00015500281006097794,1.000207781791687,0.00020410511933732778
baseline,1,5001,0.004090080037713051,1.7144502635346726e-05,2.0474939346313477,8.354138117283583e-06,0.505894124507904,1.1872818959091092e-06
baseline,1,50000,0.019227340817451477,0.00048254430294036865,3.2202491760253906,0.00016152852913364768,0.6293154954910278,8.859948138706386e-06
baseline,1,100000,0.019338689744472504,0.0004914873279631138,3.365086555480957,0.00015724397962912917,0.6419080495834351,8.66523987497203e-06
baseline,1,250000,0.020421963185071945,0.0006313365884125233,3.7047829627990723,0.0001821775222197175,0.6690086722373962,2.3406259060720913e-05
baseline,1,1000000,0.024893691763281822,0.0012359095271676779,6.500368595123291,0.00022862531477585435,0.8460184931755066,0.00011311870184727013
baseline,2,5001,0.0041432566940784454,1.7478178051533177e-05,2.0460522174835205,8.525831617589574e-06,0.5057162046432495,8.553283805667888e-07
baseline,2,50000,0.0196283757686615,0.0005324152298271656,3.5400006771087646,0.00015689678548369557,0.6607533693313599,5.337889433576493e-06
baseline,2,100000,0.021458731964230537,0.0006086501525714993,3.874372959136963,0.0001658627879805863,0.6904610395431519,8.766362952883355e-06
baseline,2,250000,0.02031039074063301,0.0005823319079354405,3.7163383960723877,0.00017142004799097776,0.6709632277488708,2.066667548206169e-05
baseline,2,1000000,0.025127176195383072,0.0014052976621314883,8.582074165344238,0.00020753059652633965,0.9479491114616394,0.00018943418399430811
baseline,3,5001,0.00412508612498641,1.751185664033983e-05,2.0488593578338623,8.522970347257797e-06,0.5060604214668274,1.1612285106821219e-06
baseline,3,50000,0.018580913543701172,0.0004879987391177565,3.8468189239501953,0.00013441612827591598,0.6881089806556702,4.871433702646755e-06
baseline,3,100000,0.022112442180514336,0.0006539212772622705,3.889953136444092,0.00017738036694936454,0.6913099884986877,9.07530375116039e-06
baseline,3,250000,0.02109661139547825,0.0006418102420866489,3.591970443725586,0.00019409897504374385,0.6602578163146973,2.1400577679742128e-05
baseline,3,1000000,0.02477373741567135,0.001260632649064064,6.780307769775391,0.00020363683870527893,0.8758946657180786,9.359269461128861e-05
meanOT,0,5001,0.004106369335204363,1.7161035430035554e-05,2.0521464347839355,8.345286005351227e-06,0.5064663887023926,9.019481694849674e-07
meanOT,0,50000,0.2640407979488373,0.09761285036802292,3.575620651245117,0.02763975039124489,0.6642019748687744,0.0003209101560059935
meanOT,0,100000,0.18361550569534302,0.048594869673252106,3.7165377140045166,0.013415559194982052,0.6767531037330627,0.0002630467643029988
meanOT,0,250000,0.35905393958091736,0.2045615017414093,3.528116226196289,0.05625811964273453,0.6566941738128662,0.0007887613028287888
meanOT,0,1000000,0.038072846829891205,0.003311599837616086,8.02971076965332,0.0005090362392365932,0.9355342984199524,0.0001946078846231103
meanOT,1,5001,0.004067204426974058,1.6969777789199725e-05,2.047513961791992,8.26843643153552e-06,0.5058965682983398,1.1929724905712646e-06
meanOT,1,50000,0.297799676656723,0.1209615021944046,3.339707374572754,0.03616037964820862,0.6402762532234192,0.00038881393265910447
meanOT,1,100000,0.22735805809497833,0.07722035050392151,3.3232645988464355,0.022443737834692,0.6384569406509399,0.00034523176145739853
meanOT,1,250000,0.31781014800071716,0.17773695290088654,3.430304527282715,0.04864959418773651,0.6451877951622009,0.0007431595586240292
meanOT,1,1000000,0.02705320529639721,0.0019023693166673183,9.010945320129395,0.00025071209529414773,0.9779375195503235,0.00023917347425594926
meanOT,2,5001,0.00410759262740612,1.718588282528799e-05,2.046067714691162,8.38301275507547e-06,0.5057181119918823,8.530599870937294e-07
meanOT,2,50000,0.22389763593673706,0.07300995290279388,3.4572439193725586,0.021306093782186508,0.6528857946395874,0.00025002920301631093
meanOT,2,100000,0.237326979637146,0.08334378153085709,3.663543701171875,0.022401507943868637,0.6715138554573059,0.00032382781500928104
meanOT,2,250000,0.3158990740776062,0.16422265768051147,3.3784127235412598,0.04561379924416542,0.6409163475036621,0.0007910126587375998
meanOT,2,1000000,0.03147727996110916,0.0021476123947650194,8.078752517700195,0.0003139277105219662,0.9363227486610413,0.00021761690732091665
meanOT,3,5001,0.004090545699000359,1.7216727428603917e-05,2.048887252807617,8.37908373796381e-06,0.5060638785362244,1.1565890645215404e-06
meanOT,3,50000,0.34059327840805054,0.15835285186767578,3.3397815227508545,0.046799927949905396,0.64198237657547,0.00039746001129969954
meanOT,3,100000,0.2933301329612732,0.1250329166650772,3.453758716583252,0.03553294390439987,0.6507494449615479,0.00045416102511808276
meanOT,3,250000,0.2624439001083374,0.13253992795944214,3.93928861618042,0.03245149180293083,0.6883835196495056,0.000722456956282258
meanOT,3,1000000,0.025243492797017097,0.001415002392604947,8.062274932861328,0.00020894937915727496,0.9263937473297119,0.00027457508258521557
