stage,seed,start_step,end_step,train/actor_std_mean,train/policy_spread_l2,train/actor_latent_mean_variance_fraction,train/twin_q_abs_diff,train/critic_loss,train/source_q_std,train/source_ess_absolute,train/full_weighted_q_gain,train/current_q_values,rollout/ep_rew_mean,train/backup_entropy_term,train/temperature
base_fixedT025,0,5000,50000,0.6693017237003033,1.3194756507873535,0.07103918016784715,1.6687655581368341,8.118000512856703,0.7081114914682176,12.439893351660835,0.8328400055567423,-22.099030418395998,-38.70724439904351,0.0,0.25
base_fixedT025,0,50000,250000,0.6599046948309393,1.2815642476081848,0.033433140278793835,1.9567010879516602,15.98079755804981,0.8741931572556496,8.537604129314422,1.229983825981617,-37.558233065099586,13.276605812228784,0.0,0.25
base_fixedT025,0,250000,500000,0.6509616700085726,1.2384898924827576,0.03148344675078984,2.550427508354187,44.98598309209215,1.2671871507167816,7.458064270019531,1.9320544481277466,25.990061595425036,786.6098771643818,0.0,0.25
base_fixedT025,0,500000,1000000,0.6187741456019016,1.0559436029195786,0.0033075105413444745,5.012553267478943,204.7574094307007,2.4707518935203554,4.469945209026337,4.050894763469696,172.95922580545135,3287.6214094546704,0.0,0.25
base_fixedT025,1,5000,50000,0.6448373914234281,1.3142074743906658,0.08217193351851565,1.483195636007521,6.4390783887209855,0.6372365123695798,14.147244135538736,0.697017995847596,-22.107586288076686,-49.507246427938064,0.0,0.25
base_fixedT025,1,50000,250000,0.6315505466794874,1.2563926607370377,0.03949781842529768,1.765128070116043,12.26758567268666,0.821556493639946,9.50523999929428,1.116066539287567,-33.17834130280387,35.71770453955141,0.0,0.25
base_fixedT025,1,250000,500000,0.616756323849438,1.1381974196434022,0.0150508109433576,3.367602815628052,79.26172318278017,1.6563525593280792,5.684267697334289,2.6068303966522217,75.84069358744972,1615.3126195165903,0.0,0.25
base_fixedT025,1,500000,1000000,0.5741176379004909,1.0001005613803864,0.0006298387591959379,4.877467875480652,183.4931757042445,2.489005446434021,4.565029745101929,3.9815115571022033,226.98460392136647,3600.5809156163464,0.0,0.25
base_fixedT025,2,5000,50000,0.6732707118934339,1.3205751578013103,0.05872466849784051,1.897225817044576,11.457214652418017,0.7520072261492411,11.310295793745253,0.9083321823014153,-24.097041981445777,-26.748625965237643,0.0,0.25
base_fixedT025,2,50000,250000,0.6619939292281992,1.274905464053154,0.030389290140010367,1.9593178927898407,16.23024212841243,0.8591289281845093,8.43704309463501,1.1834068343043327,-35.65490657958803,24.027265214917104,0.0,0.25
base_fixedT025,2,250000,500000,0.6378663708371807,1.2336781811714173,0.026967876367270906,2.411631991863251,38.38102594093295,1.183366665840149,7.237575531005859,1.7659797382354736,24.839649913866168,754.2754583198239,0.0,0.25
base_fixedT025,2,500000,1000000,0.6205385111702176,1.0871355372667313,0.004087140859628512,4.455204207897186,167.73269113210532,2.18568137049675,4.612177939414978,3.4946755003929137,150.96043333181967,2614.7658408782277,0.0,0.25
base_fixedT025,3,5000,50000,0.6579998750239611,1.3280500835842557,0.08352987633811099,1.516971468925476,6.9694994820488825,0.6373229291703966,13.877421061197916,0.6944805714819167,-25.48057236129211,-38.223280840078516,0.0,0.25
base_fixedT025,3,50000,250000,0.6401077811865087,1.2536572635173797,0.03426975673064585,1.9435109972953797,13.812335362722761,0.8824588254094123,8.608883452415466,1.210791176557541,-27.542544642853606,58.52746828279204,0.0,0.25
base_fixedT025,3,250000,500000,0.614363340565758,1.1184179401397705,0.008313074628822456,3.7050446128845214,83.45288551404819,1.7919642424583435,5.080783576965332,2.896544187068939,86.68968029671922,1830.0013539639872,0.0,0.25
base_fixedT025,3,500000,1000000,0.5568280559753684,0.9715292537212372,0.0003913668863242011,4.815467412471771,178.08843543074912,2.4156175112724303,5.073930306434631,3.8780919194221495,231.5705008801119,3716.410517729584,0.0,0.25
uniform010_fixedT025,0,5000,50000,0.6454236130714417,1.3132196399900649,0.08485672415958506,1.462160713142819,5.927593660831452,0.6322344607777066,14.244288020663792,0.6794058200385835,-19.263325840950014,-45.15990842397368,0.0,0.25
uniform010_fixedT025,0,50000,250000,0.6269706264639606,1.2647660106420517,0.04801772455684834,1.6494699537754058,10.861266365603194,0.7609491959214211,10.629800057411193,0.9933475807309151,-30.297520111398935,24.502613178705552,0.0,0.25
uniform010_fixedT025,0,250000,500000,0.6261245271792779,1.2491743326187135,0.04794173829257484,2.0246490263938903,25.87246717599722,1.042633570432663,9.94099570274353,1.5172170329093932,17.67116537951506,449.2146762607273,0.0,0.25
uniform010_fixedT025,0,500000,1000000,0.6395420500114769,1.2044484114646912,0.02601312128826971,2.7516172885894776,66.17889117570097,1.475982757806778,7.4687555885314945,2.216415506601334,76.47980174536566,1060.296662214115,0.0,0.25
uniform010_fixedT025,1,5000,50000,0.6489291574995396,1.3124658266703289,0.07923311119278267,1.4767579237620037,6.239032666056843,0.643348346153895,13.87421957651774,0.6989565044641495,-20.13411515648082,-55.26968941678897,0.0,0.25
uniform010_fixedT025,1,50000,250000,0.6522964627018021,1.2781240969896317,0.03898111716844137,1.8178255796432494,13.919873266369644,0.82667605727911,8.982035660743714,1.1321866542100907,-29.688723257838312,24.390312841450285,0.0,0.25
uniform010_fixedT025,1,250000,500000,0.6433548117763351,1.2547913479804993,0.03666338667273516,2.1002457427978514,28.689469008566377,1.0760142076015473,8.234327354431151,1.5726480555534363,19.150981633982234,416.65821982044554,0.0,0.25
uniform010_fixedT025,1,500000,1000000,0.6582962518720495,1.2200995445251466,0.017179640894755672,2.8966752171516417,73.7314237431034,1.5513201189041137,6.230391187667847,2.3371022868156435,77.03823085510348,857.183952879774,0.0,0.25
uniform010_fixedT025,2,5000,50000,0.6799149342219938,1.334663404358758,0.0715319712956746,1.684323615498013,8.529969548637217,0.7111515469021268,12.523187478383383,0.8227130538887448,-19.895218506794084,-37.06231344018277,0.0,0.25
uniform010_fixedT025,2,50000,250000,0.6786149485662616,1.298366430401802,0.03114411649294193,1.9875239878892899,17.24309846953362,0.8778782308101654,7.968994224071503,1.2366143956780433,-35.913898967344565,14.058703952513525,0.0,0.25
uniform010_fixedT025,2,250000,500000,0.6588848571945393,1.2510010957717896,0.02758258346468205,2.4638009572029116,44.7495892506514,1.199190217256546,7.038530788421631,1.7948423957824706,24.261732916212292,464.0120764904295,0.0,0.25
uniform010_fixedT025,2,500000,1000000,0.6575355125067497,1.136070591211319,0.004012524998979593,4.661493463516235,206.7889953830488,2.3035846555233004,4.355414206981659,3.752300987243652,142.8224988238243,1021.3307019137592,0.0,0.25
uniform010_fixedT025,3,5000,50000,0.6665924280983596,1.3222528563605414,0.07044209332929713,1.6860811842812433,8.429991711935493,0.7101898723178439,12.286362648010254,0.824435465865665,-20.843646363390185,-40.42862975729781,0.0,0.25
uniform010_fixedT025,3,50000,250000,0.6608252146150525,1.2837036013603211,0.034649473894387425,1.9270428746938706,14.999241027051308,0.8563483640551567,8.46245002746582,1.1979156628251075,-32.77132145747873,29.766172716226187,0.0,0.25
uniform010_fixedT025,3,250000,500000,0.6467999716311,1.2314896178245545,0.022997132036834914,2.658699083328247,48.38456409337909,1.3195760536193848,6.359159364700317,2.0466100907325746,32.963411719646565,568.6378319659864,0.0,0.25
uniform010_fixedT025,3,500000,1000000,0.6440182024713547,1.1383363950252532,0.004548420282080719,4.257906997203827,170.85071911766414,2.172567925453186,4.575619449615479,3.4578606915473937,129.42421390109592,865.4444510602617,0.0,0.25
uniform000_anneal40k,0,5000,50000,0.7367640869452221,1.4967066049575806,0.15656039160158894,2.2987189955181546,18.807768965416617,1.1376197338104248,23.716518719991047,0.8454184201028612,-42.48671876616997,-48.60335750793265,0.0,1.8911961608384944
uniform000_anneal40k,0,50000,250000,0.675868213456057,1.297121661901474,0.03279759408906098,2.028118199110031,16.76595472790994,0.8867146700620652,8.09657815694809,1.2611531287431716,-32.68918921865614,19.91344662912431,0.0,0.25
uniform000_anneal40k,0,250000,500000,0.6545583268700729,1.2110102820396422,0.01768748549744482,3.0267533922195433,59.67267061425088,1.4317112421989442,5.9959506416320805,2.2526182413101195,41.18098646896895,1112.2464679713928,0.0,0.25
uniform000_anneal40k,0,500000,1000000,0.6012232811540685,1.0368711841106415,0.0015893631012294828,4.701311140060425,175.35381964714296,2.2981344974040985,5.024311065673828,3.7427467823028566,181.9131724962624,3208.019532043677,0.0,0.25
uniform000_anneal40k,1,5000,50000,0.7390272633896934,1.4996685981750488,0.15690289313594497,2.2262293232811823,19.096054731595395,1.1129740609063044,23.875880082448322,0.8444285343090693,-44.319336516688566,-53.13365380606058,0.0,1.8365928786675718
uniform000_anneal40k,1,50000,250000,0.6915895563653516,1.3084077775478362,0.025980931147932967,2.3188814759254455,23.258228570705334,0.9768397584557533,7.3706230282783505,1.4849296003580092,-41.486421662428015,8.121533741901114,0.0,0.25
uniform000_anneal40k,1,250000,500000,0.6607045494100099,1.2477782297134399,0.028908005505800194,2.5259848070144653,46.930325690648885,1.2251268315315247,7.3991969871520995,1.8596787118911744,24.936646669590345,896.2587126134154,0.0,0.25
uniform000_anneal40k,1,500000,1000000,0.6517315294782994,1.1768276464939118,0.009012694940902245,3.3278776669502257,88.37867891990533,1.710881062746048,5.733301787376404,2.6689293217658996,94.31236391229145,1807.3068401273285,0.0,0.25
uniform000_anneal40k,2,5000,50000,0.745932649739898,1.4986961947547064,0.1527369005812539,2.4299438926908703,23.2533977997185,1.2244299252827961,23.339786953396267,0.9111933708190918,-41.488330335428216,-36.59329024935489,0.0,1.6923964802712577
uniform000_anneal40k,2,50000,250000,0.715166440022273,1.3235826402902604,0.025053758011199502,2.2379162520170213,22.171136985694208,0.947070124745369,7.112636053562165,1.3924426943063737,-33.75488294775865,14.00199415707303,0.0,0.25
uniform000_anneal40k,2,250000,500000,0.6692981657166605,1.248019380569458,0.01644319130107756,2.6717531871795654,49.0509210438662,1.2761113107204438,6.178567247390747,1.9702721810340882,28.19039565905425,825.351756083474,0.0,0.25
uniform000_anneal40k,2,500000,1000000,0.6630372266088214,1.1832570946216583,0.005612230268306979,3.4733838081359862,94.05203565325056,1.7436914217472077,5.232386126518249,2.75249730348587,94.23153974260603,1825.4062185942817,0.0,0.25
uniform000_anneal40k,3,5000,50000,0.7455964715221749,1.4986128277248807,0.15352889067596853,2.397214730580648,21.32863329084758,1.2037957906723022,23.00846317079332,0.9384595056374868,-38.529594782856506,-33.63336813208481,0.0,1.7851818698152488
uniform000_anneal40k,3,50000,250000,0.696181418152588,1.30361148416996,0.02345341055188323,2.2210002481937408,20.590231087967947,0.9513630181550979,7.027473175525666,1.4008738696575165,-32.83771695270577,19.890450857672953,0.0,0.25
uniform000_anneal40k,3,250000,500000,0.6580637389941342,1.2156702995300293,0.011584509755484711,2.9789284658432007,65.37659578923038,1.4218592965602874,5.657579479217529,2.235298044681549,38.65914472750186,945.7265106069975,0.0,0.25
uniform000_anneal40k,3,500000,1000000,0.614184143708989,1.0500136226415635,0.000833004120795477,5.052418005466461,204.997404720694,2.4303058886528017,4.507363271713257,4.002686395645141,179.66321128192433,3198.1545791659305,0.0,0.25
uniform010_anneal40k,0,5000,50000,0.7288810221839014,1.4972714715533786,0.15955936370624435,2.1331224110391407,17.2045878943461,1.0785245895385742,24.250889778137207,0.7916794220606486,-44.106770679868504,-51.47124100125581,0.0,1.6830105380985139
uniform010_anneal40k,0,50000,250000,0.6550536211498303,1.3016372799873352,0.05568481064401563,1.7310229390859604,12.429081813118506,0.7744040563702583,11.122243630886079,1.0403359547257423,-34.6897180984219,15.058107253138942,0.0,0.25
uniform010_anneal40k,0,250000,500000,0.6342910995608881,1.2585326051712036,0.05487681321799751,2.1122573399543763,29.660034104397422,1.046110976934433,10.807483158111573,1.5416310477256774,18.601215918858845,525.3701562204681,0.0,0.25
uniform010_anneal40k,0,500000,1000000,0.6427669299963169,1.197933976650238,0.028272547535598228,2.9301617431640623,79.39796720988583,1.5289683544635773,7.6950110960006715,2.3254472601413725,84.80941674814099,896.9961105531175,0.0,0.25
uniform010_anneal40k,1,5000,50000,0.7287832697232565,1.4917147954305012,0.15693036549621153,2.2085733678605823,16.95508082923347,1.1192706227302551,23.870598104265,0.8253225667609109,-42.54135509362825,-50.57048109961425,0.0,1.7589844633601814
uniform010_anneal40k,1,50000,250000,0.678322263352919,1.3033818632364274,0.03315852358937259,2.0275078624486924,17.181706862835743,0.8864133328199386,8.143146121501923,1.2684262216091156,-32.18259039388926,16.920941257187764,0.0,0.25
uniform010_anneal40k,1,250000,500000,0.6569184684194624,1.2470475459098815,0.022821021657437043,2.469904568195343,41.01719751358032,1.208955889940262,6.844473514556885,1.8320390009880065,24.880804779566823,521.9429613537037,0.0,0.25
uniform010_anneal40k,1,500000,1000000,0.6473791683083556,1.1771906054019927,0.006907541800755956,3.2262197637557986,86.42863134273503,1.6722071325778962,5.718141260147095,2.5766245484352113,91.49811762131773,1218.0104109035863,0.0,0.25
uniform010_anneal40k,2,5000,50000,0.7534769353878439,1.51243085331387,0.15661765386660892,2.2986174556944103,20.366017422569332,1.165756689177619,23.29027059343126,0.8768026398287879,-42.97217861618569,-50.70951194761323,0.0,1.7230188997595717
uniform010_anneal40k,2,50000,250000,0.6907696379902856,1.3129966586828232,0.037992976605892126,2.022390675544739,17.638450056227654,0.8612584546208382,8.712234735488892,1.206841841340065,-37.27566400300549,12.748004594711704,0.0,0.25
uniform010_anneal40k,2,250000,500000,0.6546338496435914,1.2533888006210328,0.029743613302707618,2.4540262246131896,42.30884397426666,1.2014831864833833,7.2299966144561765,1.825834228992462,22.351559503249252,485.174281369357,0.0,0.25
uniform010_anneal40k,2,500000,1000000,0.6537053718249423,1.190194889307022,0.013127301093190859,3.443772785663605,110.23421993016726,1.7808499670028686,5.591047220230102,2.75770268201828,92.264702409054,784.5821672343736,0.0,0.25
uniform010_anneal40k,3,5000,50000,0.7539994958324812,1.5057502057817247,0.15235917352967787,2.4185920688841076,21.316522464971637,1.2117704219288297,22.938428666856552,0.9289424179328812,-39.03328185324645,-45.68586033535764,0.0,2.0384197428541317
uniform010_anneal40k,3,50000,250000,0.7106313730081896,1.3111879914999007,0.02493070184718813,2.279273900389671,20.92051267448701,0.9637627556920052,7.300723624229431,1.4183693706989289,-38.44100820244417,12.846027181175918,0.0,0.25
uniform010_anneal40k,3,250000,500000,0.6734609495922129,1.2249864411354066,0.012164287026971527,3.2906059551239015,75.80625720147492,1.5646807432174683,5.320786871910095,2.4978259348869325,43.2155004839556,620.5525460837702,0.0,0.25
uniform010_anneal40k,3,500000,1000000,0.6516809136123892,1.1197718620300292,0.0010363217181292772,4.8525532579421995,206.0321828683,2.406456723213196,4.381332123279572,3.955285747051239,148.27489582588834,968.6642440133123,0.0,0.25
