checkpoint,continuation_epsilon_scale,contrast,training_seeds,states,predicted_advantage,MC_advantage,seed_cluster_t95_low,seed_cluster_t95_high,within_state_positive_CI,within_state_negative_CI,MC_half_agree_sign_fraction,mean_MC_paired_SE
250000,0.0,NLL_minus_current,4,16,0.6873493,-1.4829741770725056,-12.108154642441932,9.142206288296922,1,1,0.5625,10.10442679008542
250000,0.0,maxQ_minus_current,4,16,0.29064274,-5.211032540039283,-21.89046402094641,11.468398940867843,0,3,0.6875,9.900186463148794
250000,0.0,maxQ_minus_minQ,4,16,5.115507,4.2706565775431535,0.8501807308632077,7.691132424223099,3,0,0.5625,9.674690260914971
250000,0.0,minQ_minus_current,4,16,-4.8248644,-9.481689117582437,-28.614340317891767,9.650962082726892,0,3,0.6875,10.618861292037785
250000,1.0,NLL_minus_current,4,16,0.6873493,-1.5990768246353284,-4.246143253020826,1.0479896037501686,0,0,0.5,4.992074771147877
250000,1.0,maxQ_minus_current,4,16,0.29064274,-2.802980876073588,-6.89010362559107,1.2841418734438945,0,3,0.625,5.084155557799228
250000,1.0,maxQ_minus_minQ,4,16,5.115507,3.3147290926360173,-3.450770288931587,10.080228474203622,1,0,0.5625,5.269385594317077
250000,1.0,minQ_minus_current,4,16,-4.8248644,-6.1177099687096055,-10.856884508828017,-1.378535428591193,0,4,0.6875,5.324237633395224
1000000,0.0,NLL_minus_current,4,16,1.005827,2.4997043197559536,-3.362787684144677,8.362196323656583,2,1,0.5625,5.24617405452474
1000000,0.0,maxQ_minus_current,4,16,0.7285137,2.2883426776044318,-5.383253009288227,9.95993836449709,3,0,0.75,5.463185132308782
1000000,0.0,maxQ_minus_minQ,4,16,5.8147106,0.11434630042994898,-3.620946448709149,3.8496390495690473,2,3,0.9375,5.329525507267439
1000000,0.0,minQ_minus_current,4,16,-5.086197,2.1739963771744826,-4.706399298522563,9.054392052871528,3,1,0.6875,5.223041327388323
1000000,1.0,NLL_minus_current,4,16,1.005827,-0.7057233461222163,-4.642350770713076,3.230904078468643,1,1,0.5,6.7515402986753745
1000000,1.0,maxQ_minus_current,4,16,0.7285137,-0.8784274243692186,-6.906374097181728,5.1495192484432915,1,1,0.4375,6.514210013020416
1000000,1.0,maxQ_minus_minQ,4,16,5.8147106,0.5749275310421266,-3.063906155448262,4.213761217532515,2,1,0.625,6.107947355292934
1000000,1.0,minQ_minus_current,4,16,-5.086197,-1.4533549554113452,-7.413935245935338,4.507225335112647,1,2,0.375,6.27509324327283
