seed,state,K,clouds,proposal_sigma_scale,mean_target_displacement,reference_displacement,reference_direction_progress_fraction,relative_bias_norm,target_mean_sample_variance_trace,target_mean_SNR_squared,ESS,target_Q_gain,reference_mean_Q_gain,target_mean_estimation_SE_L2
0,0,64,1024,0.5,0.26337099075317383,0.823003888130188,0.3039003908634186,0.7032829523086548,0.2489567995071411,0.2786197066307068,4.2237229347229,0.477020263671875,0.798248291015625,0.015592365905105373
0,1,64,1024,0.5,0.3429557979106903,1.3112642765045166,0.23016615211963654,0.7797908782958984,0.1646938920021057,0.7141653299331665,3.31687068939209,1.269744873046875,2.749847412109375,0.012682029762948294
0,2,64,1024,0.5,0.3135736286640167,0.5992952585220337,0.45494192838668823,0.6032357811927795,0.20794595777988434,0.4728555977344513,5.623287200927734,0.505859375,0.64276123046875,0.014250341202736806
0,3,64,1024,0.5,0.2385830283164978,0.5207850933074951,0.4095572233200073,0.6251089572906494,0.1949596107006073,0.2919674515724182,6.680619239807129,0.193359375,0.379669189453125,0.01379819715849907
0,0,64,1024,0.75,0.4177758991718292,0.823003888130188,0.484314501285553,0.5376359820365906,0.3677835762500763,0.4745635688304901,4.051424980163574,0.70513916015625,0.798248291015625,0.018951613353002827
0,1,64,1024,0.75,0.5211138725280762,1.3112642765045166,0.37501955032348633,0.6386690735816956,0.2710026502609253,1.0020554065704346,3.1241466999053955,1.751678466796875,2.749847412109375,0.016268098402869184
0,2,64,1024,0.75,0.44888797402381897,0.5992952585220337,0.7219783067703247,0.34217527508735657,0.22570565342903137,0.8927574157714844,9.153284072875977,0.605224609375,0.64276123046875,0.014846402836269413
0,3,64,1024,0.75,0.37835341691970825,0.5207850933074951,0.7009389400482178,0.35487011075019836,0.20214316248893738,0.7081679701805115,9.558902740478516,0.29559326171875,0.379669189453125,0.014050104345452489
0,0,64,1024,1.0,0.5185072422027588,0.823003888130188,0.6126315593719482,0.41431811451911926,0.4337397515773773,0.6198411583900452,3.981480836868286,0.78985595703125,0.798248291015625,0.020580912908561236
0,1,64,1024,1.0,0.6550284624099731,1.3112642765045166,0.486158549785614,0.5265194773674011,0.38944703340530396,1.1017218828201294,2.637984037399292,2.0323486328125,2.749847412109375,0.01950177859990896
0,2,64,1024,1.0,0.5186620950698853,0.5992952585220337,0.8575111031532288,0.18435631692409515,0.21398068964481354,1.257171392440796,9.833118438720703,0.624237060546875,0.64276123046875,0.014455639634110392
0,3,64,1024,1.0,0.4382206201553345,0.5207850933074951,0.8341665863990784,0.19930948317050934,0.19648723304271698,0.9773526191711426,9.965744018554688,0.337310791015625,0.379669189453125,0.013852150140619987
0,0,64,1024,1.5,0.5245340466499329,0.823003888130188,0.6166795492172241,0.41574567556381226,0.6206074953079224,0.44333332777023315,3.0919055938720703,0.818084716796875,0.798248291015625,0.02461832665183893
0,1,64,1024,1.5,0.8259459137916565,1.3112642765045166,0.6206162571907043,0.39436376094818115,0.7234987616539001,0.9428995847702026,2.0347797870635986,2.28643798828125,2.749847412109375,0.026580853248675762
0,2,64,1024,1.5,0.5794548988342285,0.5992952585220337,0.964470386505127,0.07708999514579773,0.35759633779525757,0.9389580488204956,4.915278434753418,0.62896728515625,0.64276123046875,0.01868729979499931
0,3,64,1024,1.5,0.4329816997051239,0.5207850933074951,0.8264743685722351,0.19565361738204956,0.2899668216705322,0.6465331315994263,5.611631393432617,0.332672119140625,0.379669189453125,0.016827677328961035
0,0,1024,128,1.0,0.7136067748069763,0.823003888130188,0.8631356954574585,0.15984147787094116,0.17334827780723572,2.937638998031616,13.490644454956055,0.81256103515625,0.798248291015625,0.0368005899459374
0,1,1024,128,1.0,0.8818966150283813,1.3112642765045166,0.6591547131538391,0.36608749628067017,0.263872891664505,2.9474103450775146,5.6741180419921875,2.407196044921875,2.749847412109375,0.04540382105207606
0,2,1024,128,1.0,0.5595266819000244,0.5992952585220337,0.9319060444831848,0.08873257786035538,0.06910577416419983,4.530303001403809,79.64566040039062,0.64251708984375,0.64276123046875,0.023235508616292675
0,3,1024,128,1.0,0.5006873607635498,0.5207850933074951,0.9567993879318237,0.10347925871610641,0.027163265272974968,9.228928565979004,67.8907470703125,0.37060546875,0.379669189453125,0.014567532733620919
1,0,64,1024,0.5,0.13409462571144104,0.26639533042907715,0.3719881772994995,0.7137240171432495,0.12055136263370514,0.14915940165519714,8.291207313537598,0.0902099609375,0.10223388671875,0.010850158527504457
1,1,64,1024,0.5,0.310596764087677,1.427919626235962,-0.0060277171432971954,1.0292565822601318,0.18654122948646545,0.5171530246734619,5.573770999908447,0.352783203125,1.44073486328125,0.01349700594281474
1,2,64,1024,0.5,0.18884359300136566,0.5572263598442078,0.25720906257629395,0.77487713098526,0.07186789810657501,0.4962146282196045,5.498426914215088,0.482025146484375,0.9093017578125,0.008377558966948676
1,3,64,1024,0.5,0.7257052063941956,2.9316351413726807,0.19055049121379852,0.8247280716896057,0.5459009408950806,0.9647318720817566,1.5781283378601074,3.494232177734375,11.21185302734375,0.02308909672535615
1,0,64,1024,0.75,0.19264760613441467,0.26639533042907715,0.6899034976959229,0.3783644735813141,0.11559183895587921,0.32107025384902954,14.571765899658203,0.1058349609375,0.10223388671875,0.010624624945396934
1,1,64,1024,0.75,0.49014198780059814,1.427919626235962,0.034877389669418335,1.0237529277801514,0.3522557020187378,0.6820022463798523,5.030754089355469,0.527496337890625,1.44073486328125,0.018547229146227574
1,2,64,1024,0.75,0.2861555814743042,0.5572263598442078,0.457252562046051,0.5909430980682373,0.0864260271191597,0.9474578499794006,6.359735488891602,0.689971923828125,0.9093017578125,0.009186969963407652
1,3,64,1024,0.75,1.0256054401397705,2.9316351413726807,0.2883080244064331,0.7387641668319702,0.9977929592132568,1.0541930198669434,1.4432272911071777,6.075286865234375,11.21185302734375,0.031215495939223778
1,0,64,1024,1.0,0.2303701639175415,0.26639533042907715,0.8579881191253662,0.17845873534679413,0.11421100795269012,0.4646698534488678,14.66206169128418,0.104736328125,0.10223388671875,0.01056097473975764
1,1,64,1024,1.0,0.5427001714706421,1.427919626235962,0.1154494658112526,0.9557978510856628,0.5762369632720947,0.5111151933670044,4.314273834228516,0.49029541015625,1.44073486328125,0.023721960489078573
1,2,64,1024,1.0,0.34369149804115295,0.5572263598442078,0.5858350396156311,0.45690223574638367,0.10080057382583618,1.1718568801879883,6.0374579429626465,0.771026611328125,0.9093017578125,0.009921595656787931
1,3,64,1024,1.0,1.2682439088821411,2.9316351413726807,0.3736739158630371,0.6631745100021362,1.4346847534179688,1.1211122274398804,1.3906807899475098,7.5872802734375,11.21185302734375,0.03743072707695824
1,0,64,1024,1.5,0.2249356210231781,0.26639533042907715,0.8242034316062927,0.2540670931339264,0.1707710176706314,0.29627999663352966,6.419360160827637,0.083740234375,0.10223388671875,0.012913890658665807
1,1,64,1024,1.5,0.5523030757904053,1.427919626235962,0.2874566614627838,0.7580845355987549,1.083121418952942,0.2816292941570282,3.170891284942627,0.207763671875,1.44073486328125,0.032522849824334774
1,2,64,1024,1.5,0.3858833312988281,0.5572263598442078,0.6795534491539001,0.3470727801322937,0.19545063376426697,0.761859655380249,3.606417417526245,0.78765869140625,0.9093017578125,0.013815562222921548
1,3,64,1024,1.5,1.692407250404358,2.9316351413726807,0.5173351168632507,0.5464383959770203,2.641733407974243,1.0842283964157104,1.3446953296661377,8.982421875,11.21185302734375,0.05079190665081246
1,0,1024,128,1.0,0.26058679819107056,0.26639533042907715,0.974383533000946,0.08999998867511749,0.021022094413638115,3.2301957607269287,117.99781799316406,0.10748291015625,0.10223388671875,0.012815424792278552
1,1,1024,128,1.0,0.6952161192893982,1.427919626235962,0.24914920330047607,0.859504222869873,0.448045939207077,1.0787409543991089,9.971921920776367,0.43994140625,1.44073486328125,0.059163831012327875
1,2,1024,128,1.0,0.43547987937927246,0.5572263598442078,0.7698266506195068,0.26666459441185,0.047825708985328674,3.9652884006500244,25.383132934570312,0.86163330078125,0.9093017578125,0.01932972714364795
1,3,1024,128,1.0,1.7093919515609741,2.9316351413726807,0.5506327748298645,0.4885922074317932,0.7862688302993774,3.716312885284424,1.874568223953247,9.595977783203125,11.21185302734375,0.07837553978578958
2,0,64,1024,0.5,0.18648073077201843,0.3204556703567505,0.4118605852127075,0.7175750136375427,0.21749840676784515,0.15988652408123016,7.514430522918701,0.066802978515625,0.08612060546875,0.014573976391473393
2,1,64,1024,0.5,0.32327166199684143,0.5871288180351257,0.4762035012245178,0.5922419428825378,0.15996487438678741,0.6532970070838928,4.298673629760742,0.73492431640625,0.98516845703125,0.01249862783041991
2,2,64,1024,0.5,0.2132047414779663,0.5347666144371033,0.34795522689819336,0.6804714202880859,0.23593077063560486,0.19266779720783234,7.983255386352539,0.154022216796875,0.25537109375,0.015178970426179533
2,3,64,1024,0.5,0.25634071230888367,0.4997960031032562,0.44169601798057556,0.6161695122718811,0.16049373149871826,0.40942761301994324,7.449207782745361,0.32403564453125,0.41168212890625,0.01251927153099241
2,0,64,1024,0.75,0.25048136711120605,0.3204556703567505,0.6912584900856018,0.47796037793159485,0.2142832726240158,0.2927943170070648,14.628734588623047,0.078857421875,0.08612060546875,0.01446585664320957
2,1,64,1024,0.75,0.4389667212963104,0.5871288180351257,0.7109382152557373,0.3702751100063324,0.21286417543888092,0.9052334427833557,4.367286682128906,0.89483642578125,0.98516845703125,0.014417876796776707
2,2,64,1024,0.75,0.359456866979599,0.5347666144371033,0.6478346586227417,0.3951584994792938,0.24197934567928314,0.5339680314064026,13.450943946838379,0.2213134765625,0.25537109375,0.015372311301978143
2,3,64,1024,0.75,0.3806477189064026,0.4997960031032562,0.7367876768112183,0.3262951970100403,0.15932855010032654,0.9093956351280212,10.58610725402832,0.400726318359375,0.41168212890625,0.012473743913009844
2,0,64,1024,1.0,0.27837446331977844,0.3204556703567505,0.8497632741928101,0.23469994962215424,0.1903282105922699,0.40715113282203674,17.197002410888672,0.082427978515625,0.08612060546875,0.0136333192274117
2,1,64,1024,1.0,0.47848060727119446,0.5871288180351257,0.8027164340019226,0.24230243265628815,0.27814528346061707,0.8231083154678345,3.7239136695861816,0.917938232421875,0.98516845703125,0.016481087748674506
2,2,64,1024,1.0,0.43720829486846924,0.5347666144371033,0.8074869513511658,0.23118022084236145,0.21902555227279663,0.8727342486381531,15.550135612487793,0.239654541015625,0.25537109375,0.014625051825255286
2,3,64,1024,1.0,0.4321315884590149,0.4997960031032562,0.8595399856567383,0.16876277327537537,0.1595289707183838,1.1705567836761475,9.590616226196289,0.406494140625,0.41168212890625,0.012481586856933364
2,0,64,1024,1.5,0.2992888391017914,0.3204556703567505,0.9250601530075073,0.14878785610198975,0.25566190481185913,0.35036036372184753,7.871274948120117,0.08282470703125,0.08612060546875,0.015800943924899905
2,1,64,1024,1.5,0.5287750959396362,0.5871288180351257,0.8526010513305664,0.32542189955711365,0.638934850692749,0.43760815262794495,2.3280839920043945,0.8648681640625,0.98516845703125,0.024979187639505768
2,2,64,1024,1.5,0.49165141582489014,0.5347666144371033,0.9125741124153137,0.14178624749183655,0.3005925118923187,0.80414879322052,7.031925201416016,0.243408203125,0.25537109375,0.017133224299437703
2,3,64,1024,1.5,0.45572155714035034,0.4997960031032562,0.9032846689224243,0.1575995236635208,0.32883062958717346,0.6315778493881226,4.520620346069336,0.36956787109375,0.41168212890625,0.017919923596550966
2,0,1024,128,1.0,0.2927560806274414,0.3204556703567505,0.9014171957969666,0.17821530997753143,0.058887165039777756,1.4554294347763062,151.91390991210938,0.07977294921875,0.08612060546875,0.021448915517416345
2,1,1024,128,1.0,0.578711986541748,0.5871288180351257,0.9841288328170776,0.05724029615521431,0.06790877878665924,4.931726455688477,22.1573429107666,0.988525390625,0.98516845703125,0.02303339606464438
2,2,1024,128,1.0,0.48209574818611145,0.5347666144371033,0.8997039198875427,0.11535519361495972,0.09508815407752991,2.4442193508148193,128.43084716796875,0.2451171875,0.25537109375,0.027255755423959586
2,3,1024,128,1.0,0.4681476652622223,0.4997960031032562,0.9331846833229065,0.10485879331827164,0.02425224520266056,9.036781311035156,92.75222778320312,0.41522216796875,0.41168212890625,0.013764834384974839
3,0,64,1024,0.5,0.2707579731941223,0.6886261701583862,0.34280893206596375,0.6848189830780029,0.14028111100196838,0.5225926637649536,6.292593002319336,0.393218994140625,0.666168212890625,0.011704412521047767
3,1,64,1024,0.5,0.2559800446033478,1.216497778892517,0.14886721968650818,0.8640276789665222,0.17141254246234894,0.3822695016860962,4.885916709899902,0.36090087890625,1.986663818359375,0.012938124323038005
3,2,64,1024,0.5,0.15890400111675262,0.22284094989299774,0.6273936033248901,0.5036859512329102,0.10497410595417023,0.24054007232189178,7.268063545227051,0.203704833984375,0.209747314453125,0.010124908658643265
3,3,64,1024,0.5,0.2202390730381012,0.5273516178131104,0.34635984897613525,0.6940439939498901,0.13486942648887634,0.3596459627151489,6.4128522872924805,0.31329345703125,0.4833984375,0.011476429074653113
3,0,64,1024,0.75,0.44374582171440125,0.6886261701583862,0.613631546497345,0.4335656762123108,0.15071837604045868,1.30647873878479,8.096380233764648,0.566680908203125,0.666168212890625,0.012132020198714245
3,1,64,1024,0.75,0.4587639272212982,1.216497778892517,0.3198925852775574,0.7088252902030945,0.25130128860473633,0.8374980688095093,4.833927631378174,0.727142333984375,1.986663818359375,0.015665612488921805
3,2,64,1024,0.75,0.21463344991207123,0.22284094989299774,0.914277970790863,0.3148624300956726,0.07184174656867981,0.6412360668182373,15.422250747680664,0.2425537109375,0.209747314453125,0.008376034600780752
3,3,64,1024,0.75,0.3479989469051361,0.5273516178131104,0.6135246753692627,0.4565279483795166,0.15743009746074677,0.7692510485649109,8.983245849609375,0.42950439453125,0.4833984375,0.012399206811385578
3,0,64,1024,1.0,0.5349841117858887,0.6886261701583862,0.76365727186203,0.276111364364624,0.15667401254177094,1.826774001121521,8.075777053833008,0.616790771484375,0.666168212890625,0.012369396322085537
3,1,64,1024,1.0,0.5873824954032898,1.216497778892517,0.4451755881309509,0.5854828953742981,0.31099680066108704,1.1093946695327759,4.633767127990723,0.987030029296875,1.986663818359375,0.017427214727132757
3,2,64,1024,1.0,0.2167157232761383,0.22284094989299774,0.9527701139450073,0.20060233771800995,0.0495355986058712,0.9481202363967896,17.8962345123291,0.22784423828125,0.209747314453125,0.006955185692240438
3,3,64,1024,1.0,0.4165555238723755,0.5273516178131104,0.7716500759124756,0.283977746963501,0.14933568239212036,1.1619360446929932,9.912224769592285,0.46636962890625,0.4833984375,0.01207624226885396
3,0,64,1024,1.5,0.5934210419654846,0.6886261701583862,0.8563006520271301,0.1732204258441925,0.26096758246421814,1.349395751953125,4.669421195983887,0.611053466796875,0.666168212890625,0.015964058216826102
3,1,64,1024,1.5,0.6424233317375183,1.216497778892517,0.5064949989318848,0.5156468152999878,0.5012940764427185,0.8232846856117249,3.462183952331543,1.050872802734375,1.986663818359375,0.02212566375334517
3,2,64,1024,1.5,0.19936448335647583,0.22284094989299774,0.8894868493080139,0.14636775851249695,0.11301024258136749,0.35170435905456543,6.851347923278809,0.1829833984375,0.209747314453125,0.010505311276724107
3,3,64,1024,1.5,0.44809651374816895,0.5273516178131104,0.8460243940353394,0.1730899065732956,0.21527692675590515,0.9327079057693481,5.517716884613037,0.4471435546875,0.4833984375,0.014499357702500605
3,0,1024,128,1.0,0.5922510623931885,0.6886261701583862,0.8531128764152527,0.18290847539901733,0.030872466042637825,11.361621856689453,58.41935348510742,0.640838623046875,0.666168212890625,0.015530329711828657
3,1,1024,128,1.0,0.8878751993179321,1.216497778892517,0.7166041135787964,0.31542035937309265,0.1679358333349228,4.694188117980957,8.401329040527344,1.582550048828125,1.986663818359375,0.03622152257883542
3,2,1024,128,1.0,0.22150228917598724,0.22284094989299774,0.9851062297821045,0.13345082104206085,0.01335629727691412,3.673417806625366,202.64251708984375,0.22265625,0.209747314453125,0.01021499253430425
3,3,1024,128,1.0,0.4809025824069977,0.5273516178131104,0.9075400233268738,0.1285240203142166,0.09227343648672104,2.5063259601593018,70.24551391601562,0.49322509765625,0.4833984375,0.02684932443381971
