version,seed,tail,reach3000,time_average_0_1m
v1_256x2_fixed025,0,5314.354802028572,335000,3525.3901188223613
v1_256x2_fixed025,1,5599.684909523809,285000,4008.366826549445
v1_256x2_fixed025,2,3557.0737869190475,575000,2617.8073904482308
v1_256x2_fixed025,3,5686.363262680952,235000,4011.1892068985426
v1_256x2_fixed025,4,5736.355970304763,245000,4163.25424481226
v5_meanOT_256x2_fixed025,0,5267.724300538095,380000,3188.404581356317
v5_meanOT_256x2_fixed025,1,5375.860284819048,300000,3609.958030426869
v5_meanOT_256x2_fixed025,2,5106.488879033334,415000,2983.04318467773
v5_meanOT_256x2_fixed025,3,5310.106721919049,285000,3689.0818812288408
