variant,seed,metric,start,end,mean,count
baseline,0,actor_latent_mean_variance_fraction,5001,50000,0.00014422613700541356,9
baseline,0,actor_latent_mean_variance_fraction,50000,200000,0.00015914281069736688,31
baseline,0,actor_latent_mean_variance_fraction,200000,500000,0.0002217912274989162,61
baseline,0,actor_latent_mean_variance_fraction,900000,1000000,0.0002890488415557359,21
baseline,0,actor_std_mean,5001,50000,0.6949213610755073,315
baseline,0,actor_std_mean,50000,200000,0.6662927302251379,2324
baseline,0,actor_std_mean,200000,500000,0.6438711663903711,657
baseline,0,actor_std_mean,900000,1000000,0.5451672807434537,151
baseline,0,source_ess_absolute,5001,50000,11.847730000813803,9
baseline,0,source_ess_absolute,50000,200000,8.112867939856745,31
baseline,0,source_ess_absolute,200000,500000,6.624745623010104,61
baseline,0,source_ess_absolute,900000,1000000,5.434885569981167,21
baseline,0,actor_loss,5001,50000,8.369142627716064,315
baseline,0,actor_loss,50000,200000,8.02169696968722,2324
baseline,0,actor_loss,200000,500000,7.540691238560089,657
baseline,0,actor_loss,900000,1000000,5.316975445147381,151
baseline,0,critic_loss,5001,50000,9.16457315361689,315
baseline,0,critic_loss,50000,200000,14.917069124272686,2324
baseline,0,critic_loss,200000,500000,62.52686121982708,657
baseline,0,critic_loss,900000,1000000,259.62964746336274,151
baseline,0,ot_row_marginal_error,5001,50000,8.015498072685053e-08,9
baseline,0,ot_row_marginal_error,50000,200000,9.148536792640844e-08,31
baseline,0,ot_row_marginal_error,200000,500000,1.956757275410546e-07,61
baseline,0,ot_row_marginal_error,900000,1000000,3.12115194641852e-07,21
baseline,0,ot_col_marginal_error,5001,50000,2.8666668298408618e-09,9
baseline,0,ot_col_marginal_error,50000,200000,2.7171729239365693e-09,31
baseline,0,ot_col_marginal_error,200000,500000,2.497137527722573e-09,61
baseline,0,ot_col_marginal_error,900000,1000000,2.148954643862074e-09,21
baseline,0,current_q_values,5001,50000,-23.85705941745213,315
baseline,0,current_q_values,50000,200000,-40.09534374243626,2324
baseline,0,current_q_values,200000,500000,43.015737502995876,657
baseline,0,current_q_values,900000,1000000,285.1068642723639,151
baseline,0,backup_entropy_term,5001,50000,0.0,315
baseline,0,backup_entropy_term,50000,200000,0.0,2324
baseline,0,backup_entropy_term,200000,500000,0.0,657
baseline,0,backup_entropy_term,900000,1000000,0.0,151
baseline,0,backup_discounted_entropy_term,5001,50000,0.0,9
baseline,0,backup_discounted_entropy_term,50000,200000,0.0,31
baseline,0,backup_discounted_entropy_term,200000,500000,0.0,61
baseline,0,backup_discounted_entropy_term,900000,1000000,0.0,21
baseline,1,actor_latent_mean_variance_fraction,5001,50000,0.00013634883038725497,9
baseline,1,actor_latent_mean_variance_fraction,50000,200000,0.0001548425446549851,31
baseline,1,actor_latent_mean_variance_fraction,200000,500000,0.00020490211031979835,61
baseline,1,actor_latent_mean_variance_fraction,900000,1000000,0.00023680970064430897,21
baseline,1,actor_std_mean,5001,50000,0.6673069149255753,228
baseline,1,actor_std_mean,50000,200000,0.6297301341494088,1217
baseline,1,actor_std_mean,200000,500000,0.6230984919156011,759
baseline,1,actor_std_mean,900000,1000000,0.6321546046386862,213
baseline,1,source_ess_absolute,5001,50000,15.171619627210829,9
baseline,1,source_ess_absolute,50000,200000,10.038561774838355,31
baseline,1,source_ess_absolute,200000,500000,8.077506049734648,61
baseline,1,source_ess_absolute,900000,1000000,5.76648271651495,21
baseline,1,actor_loss,5001,50000,8.055188542918154,228
baseline,1,actor_loss,50000,200000,7.5599941282656316,1217
baseline,1,actor_loss,200000,500000,7.377960950803694,759
baseline,1,actor_loss,900000,1000000,7.3875589975169005,213
baseline,1,critic_loss,5001,50000,6.020279769834719,228
baseline,1,critic_loss,50000,200000,10.600337818399646,1217
baseline,1,critic_loss,200000,500000,30.293155342222672,759
baseline,1,critic_loss,900000,1000000,107.29857322083953,213
baseline,1,ot_row_marginal_error,5001,50000,4.491246525301702e-08,9
baseline,1,ot_row_marginal_error,50000,200000,5.5893202267226674e-08,31
baseline,1,ot_row_marginal_error,200000,500000,8.137797775533295e-08,61
baseline,1,ot_row_marginal_error,900000,1000000,1.3388957345991264e-07,21
baseline,1,ot_col_marginal_error,5001,50000,2.8648159893723206e-09,9
baseline,1,ot_col_marginal_error,50000,200000,2.6990038877685153e-09,31
baseline,1,ot_col_marginal_error,200000,500000,2.5487418077702507e-09,61
baseline,1,ot_col_marginal_error,900000,1000000,2.3878131535529488e-09,21
baseline,1,current_q_values,5001,50000,-21.50726470821782,228
baseline,1,current_q_values,50000,200000,-29.846440558611807,1217
baseline,1,current_q_values,200000,500000,30.75783225450277,759
baseline,1,current_q_values,900000,1000000,125.70850282767569,213
baseline,1,backup_entropy_term,5001,50000,0.0,228
baseline,1,backup_entropy_term,50000,200000,0.0,1217
baseline,1,backup_entropy_term,200000,500000,0.0,759
baseline,1,backup_entropy_term,900000,1000000,0.0,213
baseline,1,backup_discounted_entropy_term,5001,50000,0.0,9
baseline,1,backup_discounted_entropy_term,50000,200000,0.0,31
baseline,1,backup_discounted_entropy_term,200000,500000,0.0,61
baseline,1,backup_discounted_entropy_term,900000,1000000,0.0,21
baseline,2,actor_latent_mean_variance_fraction,5001,50000,0.000144294579513371,9
baseline,2,actor_latent_mean_variance_fraction,50000,200000,0.00015772916958667338,31
baseline,2,actor_latent_mean_variance_fraction,200000,500000,0.00020711135561005443,61
baseline,2,actor_latent_mean_variance_fraction,900000,1000000,0.00025629371798242486,21
baseline,2,actor_std_mean,5001,50000,0.6956039086498064,232
baseline,2,actor_std_mean,50000,200000,0.663472448214303,2163
baseline,2,actor_std_mean,200000,500000,0.6385878143487154,675
baseline,2,actor_std_mean,900000,1000000,0.5775928105283904,149
baseline,2,source_ess_absolute,5001,50000,12.642152150472006,9
baseline,2,source_ess_absolute,50000,200000,8.74391617313508,31
baseline,2,source_ess_absolute,200000,500000,6.749602552320137,61
baseline,2,source_ess_absolute,900000,1000000,4.812922114417667,21
baseline,2,actor_loss,5001,50000,8.392569048651334,232
baseline,2,actor_loss,50000,200000,7.992901500705432,2163
baseline,2,actor_loss,200000,500000,7.552107227466725,675
baseline,2,actor_loss,900000,1000000,6.088433473702245,149
baseline,2,critic_loss,5001,50000,7.659740480369535,232
baseline,2,critic_loss,50000,200000,13.93040018086074,2163
baseline,2,critic_loss,200000,500000,41.629447311118795,675
baseline,2,critic_loss,900000,1000000,261.2612103967859,149
baseline,2,ot_row_marginal_error,5001,50000,5.4975518853300145e-08,9
baseline,2,ot_row_marginal_error,50000,200000,1.1712009220519254e-07,31
baseline,2,ot_row_marginal_error,200000,500000,9.290704569973998e-08,61
baseline,2,ot_row_marginal_error,900000,1000000,1.5533277335288446e-07,21
baseline,2,ot_col_marginal_error,5001,50000,2.868746894356554e-09,9
baseline,2,ot_col_marginal_error,50000,200000,2.7462820548129045e-09,31
baseline,2,ot_col_marginal_error,200000,500000,2.529691257925876e-09,61
baseline,2,ot_col_marginal_error,900000,1000000,2.1440993530894678e-09,21
baseline,2,current_q_values,5001,50000,-23.10777321881775,232
baseline,2,current_q_values,50000,200000,-34.29852409689062,2163
baseline,2,current_q_values,200000,500000,29.521903949313693,675
baseline,2,current_q_values,900000,1000000,245.57265631144477,149
baseline,2,backup_entropy_term,5001,50000,0.0,232
baseline,2,backup_entropy_term,50000,200000,0.0,2163
baseline,2,backup_entropy_term,200000,500000,0.0,675
baseline,2,backup_entropy_term,900000,1000000,0.0,149
baseline,2,backup_discounted_entropy_term,5001,50000,0.0,9
baseline,2,backup_discounted_entropy_term,50000,200000,0.0,31
baseline,2,backup_discounted_entropy_term,200000,500000,0.0,61
baseline,2,backup_discounted_entropy_term,900000,1000000,0.0,21
baseline,3,actor_latent_mean_variance_fraction,5001,50000,0.00013880911137675866,9
baseline,3,actor_latent_mean_variance_fraction,50000,200000,0.00015792101452637825,31
baseline,3,actor_latent_mean_variance_fraction,200000,500000,0.0002088656390875914,61
baseline,3,actor_latent_mean_variance_fraction,900000,1000000,0.0002370813745073974,21
baseline,3,actor_std_mean,5001,50000,0.7118825876026702,278
baseline,3,actor_std_mean,50000,200000,0.6883010266233608,2411
baseline,3,actor_std_mean,200000,500000,0.6414300104160002,559
baseline,3,actor_std_mean,900000,1000000,0.625999302059025,154
baseline,3,source_ess_absolute,5001,50000,12.160800404018826,9
baseline,3,source_ess_absolute,50000,200000,7.731308044925813,31
baseline,3,source_ess_absolute,200000,500000,7.352876076932813,61
baseline,3,source_ess_absolute,900000,1000000,6.634663354782831,21
baseline,3,actor_loss,5001,50000,8.578736046235338,278
baseline,3,actor_loss,50000,200000,8.27752890758918,2411
baseline,3,actor_loss,200000,500000,7.593256196310354,559
baseline,3,actor_loss,900000,1000000,7.246387190633006,154
baseline,3,critic_loss,5001,50000,9.626368541297294,278
baseline,3,critic_loss,50000,200000,17.820002268676884,2411
baseline,3,critic_loss,200000,500000,35.6176715468678,559
baseline,3,critic_loss,900000,1000000,79.33504862599558,154
baseline,3,ot_row_marginal_error,5001,50000,1.079708656309069e-07,9
baseline,3,ot_row_marginal_error,50000,200000,8.634261546596403e-08,31
baseline,3,ot_row_marginal_error,200000,500000,1.9627044761751887e-07,61
baseline,3,ot_row_marginal_error,900000,1000000,1.2476751483821621e-07,21
baseline,3,ot_col_marginal_error,5001,50000,2.8890162361171354e-09,9
baseline,3,ot_col_marginal_error,50000,200000,2.7483915573497135e-09,31
baseline,3,ot_col_marginal_error,200000,500000,2.556258869424628e-09,61
baseline,3,ot_col_marginal_error,900000,1000000,2.4196803502650797e-09,21
baseline,3,current_q_values,5001,50000,-25.5806514622925,278
baseline,3,current_q_values,50000,200000,-43.67466291873003,2411
baseline,3,current_q_values,200000,500000,26.502080507803047,559
baseline,3,current_q_values,900000,1000000,118.74980327061245,154
baseline,3,backup_entropy_term,5001,50000,0.0,278
baseline,3,backup_entropy_term,50000,200000,0.0,2411
baseline,3,backup_entropy_term,200000,500000,0.0,559
baseline,3,backup_entropy_term,900000,1000000,0.0,154
baseline,3,backup_discounted_entropy_term,5001,50000,0.0,9
baseline,3,backup_discounted_entropy_term,50000,200000,0.0,31
baseline,3,backup_discounted_entropy_term,200000,500000,0.0,61
baseline,3,backup_discounted_entropy_term,900000,1000000,0.0,21
meanOT,0,actor_latent_mean_variance_fraction,5001,50000,0.07103918016784722,9
meanOT,0,actor_latent_mean_variance_fraction,50000,200000,0.026598596855277015,31
meanOT,0,actor_latent_mean_variance_fraction,200000,500000,0.035607708969199264,61
meanOT,0,actor_latent_mean_variance_fraction,900000,1000000,0.00042638385396761197,21
meanOT,0,actor_std_mean,5001,50000,0.6693017237003033,325
meanOT,0,actor_std_mean,50000,200000,0.6627062874655065,2622
meanOT,0,actor_std_mean,200000,500000,0.6428664174381193,728
meanOT,0,actor_std_mean,900000,1000000,0.5890945939168538,146
meanOT,0,source_ess_absolute,5001,50000,12.439893351660835,9
meanOT,0,source_ess_absolute,50000,200000,7.5260589045863,31
meanOT,0,source_ess_absolute,200000,500000,8.194749660179264,61
meanOT,0,source_ess_absolute,900000,1000000,4.799622376759847,21
meanOT,0,actor_loss,5001,50000,8.088896042750433,325
meanOT,0,actor_loss,50000,200000,7.995190415647901,2622
meanOT,0,actor_loss,200000,500000,7.6446212982083415,728
meanOT,0,actor_loss,900000,1000000,6.131841244762891,146
meanOT,0,critic_loss,5001,50000,8.118000512856703,325
meanOT,0,critic_loss,50000,200000,16.106234816537388,2622
meanOT,0,critic_loss,200000,500000,37.86581483385065,728
meanOT,0,critic_loss,900000,1000000,247.35383224487305,146
meanOT,0,ot_row_marginal_error,5001,50000,8.014467312023044e-09,9
meanOT,0,ot_row_marginal_error,50000,200000,8.802324432068534e-09,31
meanOT,0,ot_row_marginal_error,200000,500000,9.328329322103899e-09,61
meanOT,0,ot_row_marginal_error,900000,1000000,1.1180721533795198e-08,21
meanOT,0,ot_col_marginal_error,5001,50000,2.617794178958219e-09,9
meanOT,0,ot_col_marginal_error,50000,200000,2.5230456433777613e-09,31
meanOT,0,ot_col_marginal_error,200000,500000,2.439481902457629e-09,61
meanOT,0,ot_col_marginal_error,900000,1000000,2.1436532020368573e-09,21
meanOT,0,current_q_values,5001,50000,-22.099030418395998,325
meanOT,0,current_q_values,50000,200000,-39.169563056311475,2622
meanOT,0,current_q_values,200000,500000,17.23856993957044,728
meanOT,0,current_q_values,900000,1000000,239.54443652009311,146
meanOT,0,backup_entropy_term,5001,50000,0.0,325
meanOT,0,backup_entropy_term,50000,200000,0.0,2622
meanOT,0,backup_entropy_term,200000,500000,0.0,728
meanOT,0,backup_entropy_term,900000,1000000,0.0,146
meanOT,0,backup_discounted_entropy_term,5001,50000,0.0,9
meanOT,0,backup_discounted_entropy_term,50000,200000,0.0,31
meanOT,0,backup_discounted_entropy_term,200000,500000,0.0,61
meanOT,0,backup_discounted_entropy_term,900000,1000000,0.0,21
meanOT,1,actor_latent_mean_variance_fraction,5001,50000,0.08217193351851569,9
meanOT,1,actor_latent_mean_variance_fraction,50000,200000,0.03659740438865077,31
meanOT,1,actor_latent_mean_variance_fraction,200000,500000,0.021108215151843232,61
meanOT,1,actor_latent_mean_variance_fraction,900000,1000000,0.0002835172192481834,21
meanOT,1,actor_std_mean,5001,50000,0.6448373914234281,254
meanOT,1,actor_std_mean,50000,200000,0.6329572603116869,1437
meanOT,1,actor_std_mean,200000,500000,0.6155517484382151,543
meanOT,1,actor_std_mean,900000,1000000,0.5513605187141818,153
meanOT,1,source_ess_absolute,5001,50000,14.147244135538736,9
meanOT,1,source_ess_absolute,50000,200000,9.165950052199825,31
meanOT,1,source_ess_absolute,200000,500000,6.576927767425287,61
meanOT,1,source_ess_absolute,900000,1000000,5.013978844597226,21
meanOT,1,actor_loss,5001,50000,7.79044920628465,254
meanOT,1,actor_loss,50000,200000,7.6045786284205805,1437
meanOT,1,actor_loss,200000,500000,7.111377166340584,543
meanOT,1,actor_loss,900000,1000000,5.66508411270341,153
meanOT,1,critic_loss,5001,50000,6.4390783887209855,254
meanOT,1,critic_loss,50000,200000,11.841648776745249,1437
meanOT,1,critic_loss,200000,500000,68.79047228179145,543
meanOT,1,critic_loss,900000,1000000,207.05382782181883,153
meanOT,1,ot_row_marginal_error,5001,50000,7.75748453128876e-09,9
meanOT,1,ot_row_marginal_error,50000,200000,8.361424871480033e-09,31
meanOT,1,ot_row_marginal_error,200000,500000,1.0032486957765078e-08,61
meanOT,1,ot_row_marginal_error,900000,1000000,1.104750221462122e-08,21
meanOT,1,ot_col_marginal_error,5001,50000,2.6661521385701943e-09,9
meanOT,1,ot_col_marginal_error,50000,200000,2.5466448376610904e-09,31
meanOT,1,ot_col_marginal_error,200000,500000,2.3236790160518324e-09,61
meanOT,1,ot_col_marginal_error,900000,1000000,2.1679158045459634e-09,21
meanOT,1,current_q_values,5001,50000,-22.107586288076686,254
meanOT,1,current_q_values,50000,200000,-35.63781741856699,1437
meanOT,1,current_q_values,200000,500000,63.53358421552906,543
meanOT,1,current_q_values,900000,1000000,274.1974741617839,153
meanOT,1,backup_entropy_term,5001,50000,0.0,254
meanOT,1,backup_entropy_term,50000,200000,0.0,1437
meanOT,1,backup_entropy_term,200000,500000,0.0,543
meanOT,1,backup_entropy_term,900000,1000000,0.0,153
meanOT,1,backup_discounted_entropy_term,5001,50000,0.0,9
meanOT,1,backup_discounted_entropy_term,50000,200000,0.0,31
meanOT,1,backup_discounted_entropy_term,200000,500000,0.0,61
meanOT,1,backup_discounted_entropy_term,900000,1000000,0.0,21
meanOT,2,actor_latent_mean_variance_fraction,5001,50000,0.05872466849784056,9
meanOT,2,actor_latent_mean_variance_fraction,50000,200000,0.026893521959502852,31
meanOT,2,actor_latent_mean_variance_fraction,200000,500000,0.029288608428151883,61
meanOT,2,actor_latent_mean_variance_fraction,900000,1000000,0.0003335445598211317,21
meanOT,2,actor_std_mean,5001,50000,0.6732707118934339,444
meanOT,2,actor_std_mean,50000,200000,0.66437516478664,2257
meanOT,2,actor_std_mean,200000,500000,0.6338998132757008,669
meanOT,2,actor_std_mean,900000,1000000,0.5943713103597229,148
meanOT,2,source_ess_absolute,5001,50000,11.310295793745253,9
meanOT,2,source_ess_absolute,50000,200000,7.859077284412999,31
meanOT,2,source_ess_absolute,200000,500000,7.749656911756172,61
meanOT,2,source_ess_absolute,900000,1000000,4.6439105442592075,21
meanOT,2,actor_loss,5001,50000,8.139909934353184,444
meanOT,2,actor_loss,50000,200000,8.010107349705052,2257
meanOT,2,actor_loss,200000,500000,7.536284130963153,669
meanOT,2,actor_loss,900000,1000000,6.402002370035326,148
meanOT,2,critic_loss,5001,50000,11.457214652418017,444
meanOT,2,critic_loss,50000,200000,16.09433732436302,2257
meanOT,2,critic_loss,200000,500000,35.02486662871813,669
meanOT,2,critic_loss,900000,1000000,242.76888764871134,148
meanOT,2,ot_row_marginal_error,5001,50000,8.108145266305655e-09,9
meanOT,2,ot_row_marginal_error,50000,200000,8.588446484458063e-09,31
meanOT,2,ot_row_marginal_error,200000,500000,9.102968462803935e-09,61
meanOT,2,ot_row_marginal_error,900000,1000000,1.1420828135063251e-08,21
meanOT,2,ot_col_marginal_error,5001,50000,2.6031162657523685e-09,9
meanOT,2,ot_col_marginal_error,50000,200000,2.5506954111577786e-09,31
meanOT,2,ot_col_marginal_error,200000,500000,2.444448403256591e-09,61
meanOT,2,ot_col_marginal_error,900000,1000000,2.152607732275853e-09,21
meanOT,2,current_q_values,5001,50000,-24.097041981445777,444
meanOT,2,current_q_values,50000,200000,-37.22764822630741,2257
meanOT,2,current_q_values,200000,500000,19.786951768202275,669
meanOT,2,current_q_values,900000,1000000,232.13506719228383,148
meanOT,2,backup_entropy_term,5001,50000,0.0,444
meanOT,2,backup_entropy_term,50000,200000,0.0,2257
meanOT,2,backup_entropy_term,200000,500000,0.0,669
meanOT,2,backup_entropy_term,900000,1000000,0.0,148
meanOT,2,backup_discounted_entropy_term,5001,50000,0.0,9
meanOT,2,backup_discounted_entropy_term,50000,200000,0.0,31
meanOT,2,backup_discounted_entropy_term,200000,500000,0.0,61
meanOT,2,backup_discounted_entropy_term,900000,1000000,0.0,21
meanOT,3,actor_latent_mean_variance_fraction,5001,50000,0.08352987633811103,9
meanOT,3,actor_latent_mean_variance_fraction,50000,200000,0.03688284033729184,31
meanOT,3,actor_latent_mean_variance_fraction,200000,500000,0.011845032085252345,61
meanOT,3,actor_latent_mean_variance_fraction,900000,1000000,0.0002802307177002409,21
meanOT,3,actor_std_mean,5001,50000,0.6579998750239611,288
meanOT,3,actor_std_mean,50000,200000,0.6411789387542134,1536
meanOT,3,actor_std_mean,200000,500000,0.6162735316540017,514
meanOT,3,actor_std_mean,900000,1000000,0.5299852348607162,145
meanOT,3,source_ess_absolute,5001,50000,13.877421061197916,9
meanOT,3,source_ess_absolute,50000,200000,8.945314084329913,31
meanOT,3,source_ess_absolute,200000,500000,5.554288871952744,61
meanOT,3,source_ess_absolute,900000,1000000,5.668452262878418,21
meanOT,3,actor_loss,5001,50000,7.9820286730925245,288
meanOT,3,actor_loss,50000,200000,7.724778491072357,1536
meanOT,3,actor_loss,200000,500000,7.0715042858272215,514
meanOT,3,actor_loss,900000,1000000,5.305196235919821,145
meanOT,3,critic_loss,5001,50000,6.9694994820488825,288
meanOT,3,critic_loss,50000,200000,12.836339158937335,1536
meanOT,3,critic_loss,200000,500000,72.41838238860846,514
meanOT,3,critic_loss,900000,1000000,195.21999006600217,145
meanOT,3,ot_row_marginal_error,5001,50000,7.707664432624975e-09,9
meanOT,3,ot_row_marginal_error,50000,200000,8.322521969075164e-09,31
meanOT,3,ot_row_marginal_error,200000,500000,1.035653544708201e-08,61
meanOT,3,ot_row_marginal_error,900000,1000000,1.082246723983969e-08,21
meanOT,3,ot_col_marginal_error,5001,50000,2.650347694397068e-09,9
meanOT,3,ot_col_marginal_error,50000,200000,2.5297436332107833e-09,31
meanOT,3,ot_col_marginal_error,200000,500000,2.2594758486791233e-09,61
meanOT,3,ot_col_marginal_error,900000,1000000,2.164313892126843e-09,21
meanOT,3,current_q_values,5001,50000,-25.48057236129211,288
meanOT,3,current_q_values,50000,200000,-30.367318780200247,1536
meanOT,3,current_q_values,200000,500000,72.2953643937983,514
meanOT,3,current_q_values,900000,1000000,276.1584007526266,145
meanOT,3,backup_entropy_term,5001,50000,0.0,288
meanOT,3,backup_entropy_term,50000,200000,0.0,1536
meanOT,3,backup_entropy_term,200000,500000,0.0,514
meanOT,3,backup_entropy_term,900000,1000000,0.0,145
meanOT,3,backup_discounted_entropy_term,5001,50000,0.0,9
meanOT,3,backup_discounted_entropy_term,50000,200000,0.0,31
meanOT,3,backup_discounted_entropy_term,200000,500000,0.0,61
meanOT,3,backup_discounted_entropy_term,900000,1000000,0.0,21
