stage,seed,mode,final_return,tail_900k_mean,auc_mean,first_3000_step,first_three_consecutive_3000_step,best_eval_mean
base_fixedT025,0,zero_z,5384.3558461,5261.110545661904,3178.2870127055767,385000.0,395000.0,5390.1385395
base_fixedT025,0,stochastic_z,5378.1553208000005,5267.724300538095,3188.4013929517355,370000.0,380000.0,5387.7090446
base_fixedT025,1,zero_z,5710.4678522,5435.14390862381,3663.822078806218,295000.0,310000.0,5710.4678522
base_fixedT025,1,stochastic_z,5609.0522339,5375.860284819048,3609.954420468838,300000.0,300000.0,5672.872223200001
base_fixedT025,2,zero_z,5196.5209296,5097.733056452381,2964.2485691981515,415000.0,475000.0,5353.8897612
base_fixedT025,2,stochastic_z,5217.964264700001,5106.488879033334,2983.040201634545,380000.0,415000.0,5290.6324531
base_fixedT025,3,zero_z,5479.1164266,5336.048870361905,3687.5574871795825,260000.0,320000.0,5479.1164266
base_fixedT025,3,stochastic_z,5431.4147885,5310.106721919049,3689.0781921469593,260000.0,285000.0,5431.4147885
uniform010_fixedT025,0,zero_z,3905.4880703000003,3765.619735057143,2466.4963211385766,420000.0,510000.0,4021.8851888
uniform010_fixedT025,0,stochastic_z,3857.3160612,3840.1933264000004,2463.909316805236,420000.0,505000.0,4021.8532009
uniform010_fixedT025,1,zero_z,4017.4583209999996,3807.159292338095,2376.0636363317185,395000.0,505000.0,4017.4583209999996
uniform010_fixedT025,1,stochastic_z,4012.79948,3675.236290119047,2345.7980380250888,420000.0,490000.0,4012.79948
uniform010_fixedT025,2,zero_z,4770.633924399999,4689.044011895237,2690.7905103741514,400000.0,515000.0,4960.136632
uniform010_fixedT025,2,stochastic_z,4782.102410099999,4685.589066838096,2690.7481824655456,420000.0,505000.0,4911.162345
uniform010_fixedT025,3,zero_z,4711.373506,4688.913797866667,2885.231987104083,380000.0,460000.0,4925.9562492
uniform010_fixedT025,3,stochastic_z,4701.091133399999,4667.369009428571,2902.1021243917094,385000.0,465000.0,4802.596130100001
uniform000_anneal40k,0,zero_z,5165.3247437,5100.607435019047,3168.0194049660763,365000.0,405000.0,5225.916043099999
uniform000_anneal40k,0,stochastic_z,5134.913682,5049.112541419048,3161.776180087236,370000.0,405000.0,5224.6572579
uniform000_anneal40k,1,zero_z,4263.9058096,3907.919171557143,2494.277934024719,400000.0,510000.0,4263.9058096
uniform000_anneal40k,1,stochastic_z,4072.0049005999995,3864.185962271429,2477.150622128089,395000.0,455000.0,4200.1542281
uniform000_anneal40k,2,zero_z,4104.9009893,3883.958233114286,2537.626326723902,400000.0,470000.0,4146.9875398
uniform000_anneal40k,2,stochastic_z,4136.6503357,3860.4507543428576,2510.8110386145454,400000.0,475000.0,4186.879284799999
uniform000_anneal40k,3,zero_z,5193.1591295,5130.590084904763,3061.330266623333,365000.0,400000.0,5284.925702500001
uniform000_anneal40k,3,stochastic_z,5199.6814159,5131.4051365714295,3023.9061838619596,360000.0,390000.0,5280.391799800001
uniform010_anneal40k,0,zero_z,4130.2293731,4018.9877902714284,2403.5822193155764,460000.0,540000.0,4269.702219000001
uniform010_anneal40k,0,stochastic_z,4301.8496275,3994.8970518047613,2351.2512044394857,460000.0,600000.0,4307.6934223
uniform010_anneal40k,1,zero_z,3884.0428951000004,3807.5470380619054,2471.518933291469,405000.0,455000.0,3991.5989209
uniform010_anneal40k,1,stochastic_z,3881.8284031999997,3707.604792599999,2433.2506937395888,455000.0,455000.0,3973.41843
uniform010_anneal40k,2,zero_z,4559.6813143,4507.786320385714,2545.0987393009013,415000.0,495000.0,4822.835910600001
uniform010_anneal40k,2,stochastic_z,4596.996802,4494.122058904762,2525.010046249795,415000.0,450000.0,4736.8206428
uniform010_anneal40k,3,zero_z,5017.1428252000005,4819.092959961905,3048.0941779120826,315000.0,325000.0,5100.846784399999
uniform010_anneal40k,3,stochastic_z,5021.218217799999,4819.034295671428,3048.9792598867093,315000.0,430000.0,5061.7046216
