checkpoint,continuation_epsilon_scale,contrast,predicted_advantage,MC_advantage,conditional_MC_SE,conditional_MC_t95_low,conditional_MC_t95_high,pred_minus_MC,pred_minus_MC_t95_low,pred_minus_MC_t95_high
250000,0.0,NLL_minus_current,0.6873493194580078,-1.4829741770725051,3.232286008027733,-8.372428720000975,5.406480365855964,2.170323496530513,-4.7191310463979566,9.059778039458983
250000,0.0,maxQ_minus_current,0.29064273834228516,-5.211032540039284,3.009044580911243,-11.624659244590296,1.2025941645117282,5.501675278381569,-0.911951426169443,11.915301982932581
250000,0.0,minQ_minus_current,-4.824864387512207,-9.481689117582436,3.0877524958983127,-16.06307777176456,-2.9003004634003116,4.656824730070229,-1.9245639241118955,11.238213384252353
250000,0.0,maxQ_minus_minQ,5.115507125854492,4.270656577543153,2.3036815965459736,-0.6395245145281381,9.180837669614444,0.8448505483113395,-4.065330543759951,5.75503164038263
250000,1.0,NLL_minus_current,0.6873493194580078,-1.5990768246353284,1.3934322343541523,-4.383628950757446,1.1854753014867894,2.286426144093336,-0.4981259820287818,5.070978270215454
250000,1.0,maxQ_minus_current,0.29064273834228516,-2.802980876073588,1.4289387888097245,-5.658487189462917,0.05252543731574155,3.0936236144158733,0.2381173010265436,5.9491299278052026
250000,1.0,minQ_minus_current,-4.824864387512207,-6.117709968709606,1.4081209288438208,-8.931615108536135,-3.303804828883078,1.2928455811973993,-1.521059558629129,4.106750721023928
250000,1.0,maxQ_minus_minQ,5.115507125854492,3.3147290926360173,1.3750558344269033,0.5668992715003411,6.062558913771694,1.8007780332184748,-0.9470517879172013,4.548607854354151
1000000,0.0,NLL_minus_current,1.0058269500732422,2.4997043197559536,1.3090121607984297,-0.290389055509487,5.289797695021394,-1.4938773696827115,-4.283970744948152,1.2962160055827292
1000000,0.0,maxQ_minus_current,0.7285137176513672,2.2883426776044313,1.4231788667516598,-0.7450912711830262,5.321776626391889,-1.5598289599530641,-4.593262908740522,1.4736049888343934
1000000,0.0,minQ_minus_current,-5.0861968994140625,2.1739963771744826,1.1504823514044158,-0.2781987079004806,4.626191462249446,-7.260193276588545,-9.712388361663509,-4.807998191513581
1000000,0.0,maxQ_minus_minQ,5.81471061706543,0.11434630042994898,1.4646032090764685,-3.0073815439808156,3.236074144840714,5.700364316635481,2.578636472224716,8.822092161046246
1000000,1.0,NLL_minus_current,1.0058269500732422,-0.7057233461222163,1.8355744251840795,-4.3738261374077565,2.9623794451633234,1.7115502961954585,-1.9565524950900814,5.379653087480999
1000000,1.0,maxQ_minus_current,0.7285137176513672,-0.8784274243692192,1.835283863855657,-4.545949575172301,2.789094726433863,1.6069411420205864,-2.0605810087824956,5.274463292823668
1000000,1.0,minQ_minus_current,-5.0861968994140625,-1.453354955411345,1.7286000122271084,-4.9076864403526885,2.000976529529998,-3.6328419440027178,-7.087173428944061,-0.17851045906137442
1000000,1.0,maxQ_minus_minQ,5.81471061706543,0.5749275310421269,1.7237787209079771,-2.8697693719925024,4.019624434076756,5.239783086023303,1.795086182988674,8.684479989057932
