seed,state,horizon,anchor_value,old_NLL_moment_gain,learned_Q_best_gain,oracle_best_gain,learned_onecloud_moment_gain,oracle_onecloud_moment_gain,rank_correlation,learned_Q_std,real_zero_z_Q_std,learned_ESS,oracle_ESS,learned_target_sigma,oracle_target_sigma,learned_target_mu_spread,oracle_target_mu_spread,current_sigma,best_candidate_learnedQ_index,best_candidate_oracle_index,oracle_moment_vs_best_action_max,oracle_moment_vs_best_value_difference
0.0,0.0,1000.0,554.6775662617459,-12.624474812949645,-16.06704818092021,5.39303779150805,-2.7405836951653555,-19.635250712362904,-0.1273809523809523,1.056480884552002,12.155541653556918,1.6351654383672298,1.003380722132965,0.2527501583099365,0.0282435677945613,0.0015709440922364,3.945560456486419e-05,0.3801108002662658,56.0,51.0,0.0011385977268218994,-25.028288503870954
0.0,1.0,1000.0,550.3794580229827,11.667961303882748,4.646496554145301,22.802402673127855,-7.440527184680718,19.21340211692325,0.1926739926739926,1.7587056159973145,11.249855073118455,2.63543767424088,1.1850114823217168,0.1866500079631805,0.1698914468288421,0.0020053384359925,0.0015074191614985,0.3434879183769226,14.0,28.0,0.056047096848487854,-3.58900055620461
0.0,2.0,1000.0,531.8313392895207,-14.619891562580165,-10.55551871368118,13.12168597813934,-9.347627801628732,-0.91778473901104,-0.1510531135531135,1.0986071825027466,16.78415560820083,4.568333134672261,1.004885343800889,0.3284572660923004,0.0175963081419467,0.0041773072443902,2.8324577215244066e-05,0.4266892075538635,10.0,35.0,0.0009638071060180664,-14.03947071715038
0.0,3.0,1000.0,542.2817040828623,8.285063781052713,9.97559611497627,23.28973810049092,-0.3218734847420137,20.884454738383056,-0.0583333333333333,0.737518310546875,13.803627628606437,6.758436733324652,1.0000855995965612,0.404384583234787,0.0027585744392126,0.0289905238896608,1.5016362340247724e-06,0.4090398848056793,43.0,40.0,4.172325134277344e-05,-2.405283362107866
1.0,0.0,1000.0,599.2202792108055,-16.575405266524967,-21.275467698388866,29.43010094024453,-27.69709797848532,25.412135687719456,0.2636446886446886,0.7717915177345276,21.68728898174585,22.06106969727976,1.0000011920943166,0.3361130952835083,0.0003372962819412,0.0219458788633346,1.421968249815109e-07,0.34778493642807,14.0,25.0,4.172325134277344e-07,-4.017965252525073
1.0,1.0,1000.0,532.5941952104569,64.89718839110208,16.730881422754237,84.91641650408508,63.3827611659608,56.42187263701237,0.2954704152026823,0.8900981545448303,34.82595488970581,3.798538542602143,1.000000953675226,0.290877491235733,0.0004482680524233,0.0166424065828323,1.8590094441606203e-07,0.3979893922805786,63.0,46.0,3.8743019104003906e-07,-28.494543867072707
1.0,2.0,1000.0,565.738964734555,11.165531713410246,-52.85577098076965,29.445663248894903,-24.360693808860333,23.63280110391463,-0.0060897435897435,0.941778838634491,21.941779593643396,2.298353294971771,1.0235904763444557,0.1400659829378128,0.0264635495841503,0.0008572723018005,0.0001161544205388,0.2449218332767486,11.0,59.0,0.00526881217956543,-5.812862144980272
1.0,3.0,1000.0,494.94777679650144,34.97317888410805,49.29515023210263,90.8159906754454,61.2762844598833,12.00987832303042,-0.1038919413919413,3.230926036834717,23.20144482865788,1.0105089895413637,1.01036591854461,0.032545119524002,0.029972730204463,0.0004950267612002,0.0001030788334901,0.5401634573936462,39.0,17.0,0.0017493516206741333,-78.80611235241497
2.0,0.0,1000.0,534.7278223231228,-2.6172074984718847,-13.499671552258178,22.11589232492952,-9.934625423182638,-2.834853743808821,-0.0793956043956043,0.6271418929100037,12.782822190633002,26.045132076203966,1.0729898040739576,0.4217182099819183,0.0382333435118198,0.0107991332188248,0.0005503818392753,0.431789219379425,14.0,32.0,0.015268832445144653,-24.95074606873834
2.0,1.0,1000.0,520.7591545299376,10.388137687209678,7.369765457168,23.071631504852576,-8.69225866739339,5.17160302747925,0.087087912087912,2.3674044609069824,13.9714975266478,7.093319905370065,1.0111509035752828,0.2968011796474457,0.0474581681191921,0.00277785747312,0.0001921967777889,0.3867730498313904,8.0,38.0,0.004545539617538452,-17.900028477373326
2.0,2.0,1000.0,520.0081127533564,17.562371405938052,11.89943296578906,31.77578765006683,29.60255624696083,7.185086098888746,-0.1919206950754754,1.09129798412323,13.18071525211614,10.14278183233944,1.334826231762536,0.4655448794364929,0.1829532980918884,0.0115816872566938,0.0137747079133987,0.4578177332878113,29.0,26.0,0.14660364389419556,-24.590701551178086
2.0,3.0,1000.0,529.0047381727087,5.204432061178636,1.3005346175100383,35.78898273166942,17.143668777321295,-18.51751763970077,-0.2712912087912087,0.8790750503540039,13.546966762167118,7.170436061995244,1.000213191650709,0.282556802034378,0.0068566729314625,0.0097677316516637,1.383978724334156e-05,0.4196833968162536,23.0,18.0,7.295608520507812e-05,-54.30650037137019
3.0,0.0,1000.0,586.8414757402779,-77.84872111515699,-16.93574725032181,19.158676958449632,14.21464355535511,13.57719125006463,0.1387362637362637,0.8169131875038147,16.86548904188931,20.26477489329748,1.0,0.3197838366031647,3.408317934372462e-05,0.0113992020487785,8.973620424512775e-08,0.3585245609283447,44.0,31.0,1.1920928955078125e-07,-5.581485708385003
3.0,1.0,1000.0,528.3574644212354,16.903949787417673,2.9728347710588423,48.30306101791962,17.972953107711646,45.525889734922885,-0.1270604395604395,0.6823612451553345,16.58787478216979,4.602583663027288,1.000108015282374,0.2977648079395294,0.0024938061833381,0.0180687643587589,2.4584028324170504e-06,0.3645527958869934,12.0,62.0,3.077089786529541e-05,-2.7771712829967328
3.0,2.0,1000.0,580.3289510535756,-39.54755165385939,-12.236467729844776,-2.762501370381869,-25.60412303986652,8.234120834801729,0.3035714285714285,0.6805281639099121,17.507166017093706,14.445490007667368,1.0000064373430748,0.2918271422386169,0.0007188924355432,0.0090822763741016,1.583467508226022e-07,0.3147183060646057,55.0,4.0,2.7418136596679688e-06,10.996622205183598
3.0,3.0,1000.0,580.2185406175096,8.94029462602498,-15.397346108847046,35.63088615677759,-9.241538925854456,25.65480387497485,0.0367216117216117,0.6678798794746399,17.514666109566527,13.537066642890837,1.0,0.3670632839202881,1.0757431482488757e-05,0.0153557443991303,2.1155582174969826e-08,0.3428190946578979,63.0,56.0,5.960464477539063e-08,-9.976082281802746
