objective,fit_steps,fixed_initial_teacher_NLL,fixed_initial_teacher_mean_squared_error,heldout_action_displacement_from_original,heldout_mean_action_Q,heldout_mean_action_spread,heldout_sigma,heldout_entropy_M128,heldout_soft_F_M128,heldout_stochastic_policy_Q_M128,latent_mean_variance_fraction
mean_q,0,3.5774633288383484,0.07664985582232467,8.13881186445542e-07,351.48876953125,0.014827132923528526,0.4001518040895462,-0.29421676322817797,349.6182861328125,349.69183349609375,0.000315211196721025
mean_q,50,3.6693683862686153,0.07968055829405778,0.19482540711760518,351.58191680908203,0.01417396962642665,0.39801616966724396,-0.500890389084816,349.690673828125,349.81591033935547,0.0003292074761702
mean_q,200,3.740586042404175,0.08399052545428273,0.23053273186087606,351.5879440307617,0.012942011235281775,0.39877232909202576,-0.7107303980737925,349.7022171020507,349.8798828125,0.00026867838823815
mean_q,500,3.9127171635627747,0.0938602667301893,0.26932714134454727,351.5512008666992,0.012149426154792274,0.40196513384580607,-0.8396746218204498,349.6012191772461,349.81114196777344,0.0002646105931489
nll,0,3.5774633288383484,0.07664985582232467,8.13881186445542e-07,351.48876953125,0.014827132923528526,0.4001518040895462,-0.294216763228178,349.6182861328125,349.69183349609375,0.000315211196721025
nll,50,3.5529419779777527,0.07510951533913607,0.1500888094305992,351.5397644042969,0.01473995763808485,0.39899514615535736,-0.3672753870487213,349.6806411743164,349.7724609375,0.000338750178343575
nll,200,3.575711727142334,0.07474030740559098,0.18331817165017125,351.56153869628906,0.0140416587237268,0.39810315519571304,-0.4174135476350784,349.74395751953125,349.84832763671875,0.00029271081439217496
nll,500,3.599350333213806,0.07516744732856745,0.20575038716197008,351.55252838134766,0.01340329647064205,0.3964967429637909,-0.449681393802166,349.74962615966797,349.8620300292969,0.00027351695462122497
reverse_kl,0,3.5774633288383484,0.07664985582232467,8.13881186445542e-07,351.48876953125,0.014827132923528526,0.4001518040895462,-0.294216763228178,349.6182861328125,349.69183349609375,0.000315211196721025
reverse_kl,50,4.483892560005188,0.07610204070806498,0.16286997497081754,351.5397720336914,0.039646073244512,0.30104290693998337,-2.085132747888565,349.9246139526367,350.44591522216797,0.0073248301632701995
reverse_kl,200,5.261065602302551,0.07896928675472732,0.22447317466139788,351.5241928100586,0.130060501396656,0.29066367447376246,-2.1415153443813324,350.0753936767578,350.6107711791992,0.0619032904505729
reverse_kl,500,5.987167716026306,0.0853035636246204,0.28165071457624435,351.46289825439453,0.19162492454051966,0.2852577790617943,-2.140432685613632,350.0343780517578,350.56951904296875,0.10796047933399673
