seed,state,contrast,predicted_advantage,MC_advantage,overprediction,error_from_training_residual,error_from_twin_min,error_from_target_lag,tail_correction
0,0,NLL_minus_current,0.768646240234375,3.1611812756332682,-2.3925350353988932,-8.357351137207978,5.905115256005512,0.05934150786051584,0.00035933794314019874
0,0,maxQ_minus_current,0.31378173828125,1.4508697920678415,-1.1370880537865915,-2.809099990681169,2.3626958065846866,-0.691134611070082,0.000450741380055085
0,0,minQ_minus_current,-3.928558349609375,-15.538343106494604,11.60978475688523,9.985111839758478,2.976458378244444,-1.3528021040455716,0.001016642927999033
0,0,maxQ_minus_minQ,4.242340087890625,16.98921289856245,-12.746872810671823,-12.794211830439643,-0.6137625716597583,0.6616674929754891,-0.0005659015479439482
0,1,NLL_minus_current,2.07177734375,7.107102509579681,-5.035325165829681,-4.9573625235979435,-2.3924659625004834,2.313603789885768,0.0008995303831447881
0,1,maxQ_minus_current,1.17156982421875,17.48173928519667,-16.31016946097792,-23.79590387789275,2.623737294097009,4.860580695416745,0.0014164274012631716
0,1,minQ_minus_current,-6.4039306640625,8.8250589270238,-15.228989591086297,-16.196410439249956,-1.5890236787598628,2.554484264787752,0.0019602621358177693
0,1,maxQ_minus_minQ,7.57550048828125,8.65668035817287,-1.0811798698916215,-7.599493438642793,4.212760972856873,2.306096430628993,-0.0005438347345545978
0,2,NLL_minus_current,0.630828857421875,-3.5852167051232993,4.216045562545174,2.5585348873872498,1.4232369702944039,0.23388999872334126,0.00038370614011543015
0,2,maxQ_minus_current,0.59942626953125,4.017970761858132,-3.418544492326882,-5.94207625235933,0.8571571970360876,1.6655042895507388,0.0008702734456526944
0,2,minQ_minus_current,-5.610870361328125,5.57165269702792,-11.182523058356043,-15.708830225748741,3.661714191257257,0.8635907533145335,0.0010022228208191842
0,2,maxQ_minus_minQ,6.210296630859375,-1.5536819351697888,7.763978566029164,9.766753973389406,-2.80455699422117,0.8019135362362053,-0.00013194937516648988
0,3,NLL_minus_current,0.327239990234375,-0.6269723483686374,0.9542123386030124,-2.2714610268210342,3.6835661371630857,-0.4575842658146746,-0.0003085059243713074
0,3,maxQ_minus_current,0.014923095703125,7.829006962280015,-7.81408386657689,-11.358971413465412,5.157523071698792,-1.61383216358437,0.0011966387740373738
0,3,minQ_minus_current,-4.234527587890625,-3.136324191866251,-1.098203396024374,-12.39732526470216,11.237673710804607,0.06171726787693077,-0.0002691100037324456
0,3,maxQ_minus_minQ,4.24945068359375,10.965331154146266,-6.715880470552516,1.0383538512367467,-6.080150639105813,-1.6755494314613006,0.0014657487777698195
1,0,NLL_minus_current,0.10968017578125,11.741637535496366,-11.631957359715116,-11.35664814936136,-3.3017034412910355,3.025288059822632,0.0011061711146779446
1,0,maxQ_minus_current,-0.25018310546875,8.433887842711682,-8.684070948180432,-13.20818960017709,3.2285438246573936,1.2937894066021156,0.0017854207370641114
1,0,minQ_minus_current,-3.4111328125,8.023444859814397,-11.434577672314397,-13.722575424141386,0.9887387750536853,1.2962152695712097,0.003043707202092842
1,0,maxQ_minus_minQ,3.16094970703125,0.41044298289728776,2.7505067241339622,0.5143858239642949,2.2398050496037083,-0.0024258629690941946,-0.0012582864650287308
1,1,NLL_minus_current,0.42657470703125,2.95623199221032,-2.52965728517907,-1.3761878515069994,-2.326553203788099,1.1719241320084453,0.0011596381075708803
1,1,maxQ_minus_current,0.19293212890625,7.960577394894678,-7.767645265988428,-8.743247837741054,0.65387203704694,0.32260223967774193,-0.0008717049720966228
1,1,minQ_minus_current,-4.099884033203125,10.278081932266527,-14.377965965469652,-20.562112047635864,4.153272795481533,2.0317882227928576,-0.0009149361083238897
1,1,maxQ_minus_minQ,4.292816162109375,-2.3175045373718524,6.6103206994812265,11.818864209894805,-3.499400758434594,-1.7091859831151155,4.323113622726647e-05
1,2,NLL_minus_current,0.74798583984375,3.12058412356453,-2.37259828372078,2.5340422010394437,-3.776072180539578,-1.132115667153706,0.0015473629329242908
1,2,maxQ_minus_current,0.532928466796875,-4.818934307945747,5.351862774742622,12.039652574800925,-8.841732617147434,2.1527527514022884,0.00119006568692875
1,2,minQ_minus_current,-3.6484375,16.543982035019024,-20.192419535019024,-26.027414282446173,7.598656808022369,-1.7640571905284543,0.0003951299331702236
1,2,maxQ_minus_minQ,4.181365966796875,-21.36291634296477,25.544282309761645,38.0670668572471,-16.4403894251698,3.916809941930743,0.0007949357537585264
1,3,NLL_minus_current,7.2239990234375,40.2560038096192,-33.0320047861817,-52.04868608801825,10.836900196425283,8.179507544227988,0.00027356118328770713
1,3,maxQ_minus_current,9.421112060546875,32.407667178156345,-22.986555117609473,-38.76142089538494,11.785192652874091,3.9888916017723197,0.0007815231291166745
1,3,minQ_minus_current,-8.681640625,-4.187250533091229,-4.494390091908771,-0.2692470541687588,-5.950622193600147,1.7271457104041452,-0.0016665545440107785
1,3,maxQ_minus_minQ,18.102752685546875,36.594917711247575,-18.4921650257007,-38.49217384121618,17.735814846474238,2.2617458913681743,0.002448077673127454
2,0,NLL_minus_current,0.075164794921875,-5.426796344537266,5.501961139459141,-4.8603739623105335,2.4080066877426,7.955275792968048,-0.0009473789409569219
2,0,maxQ_minus_current,-0.076141357421875,-13.050731045740706,12.974589688318831,9.4927039986858,2.329238448835092,1.1527739528709937,-0.00012671207319391527
2,0,minQ_minus_current,-3.376983642578125,-13.026188248488854,9.649204605910729,0.05236278862906518,-0.6113764845564251,10.207659868516153,0.0005584333219359086
2,0,maxQ_minus_minQ,3.30084228515625,-0.024542797251848825,3.325385082408099,9.440341210056737,2.940614933391517,-9.054885915645158,-0.0006851453951298241
2,1,NLL_minus_current,0.90264892578125,2.40324256434135,-1.5005936385601002,1.4267068479304856,-3.0994283232808066,0.17208502084351496,4.281594672616261e-05
2,1,maxQ_minus_current,-0.1536865234375,3.7394035635570964,-3.8930900869945964,-0.8911094290359975,1.4371898672892434,-4.438377128117458,-0.0007933971304448174
2,1,minQ_minus_current,-12.913604736328125,-8.306486578601172,-4.607118157726953,-6.054390882765995,0.6885670926944119,0.7595340172454286,-0.0008283849006936382
2,1,maxQ_minus_minQ,12.759918212890625,12.045890142158267,0.7140280707323567,5.163281453729997,0.7486227745948317,-5.197911145362886,3.498777024882099e-05
2,2,NLL_minus_current,0.24871826171875,-4.533789111862644,4.782507373581394,3.3496698393716033,3.3805197309188015,-1.9484354138935815,0.0007532171845522388
2,2,maxQ_minus_current,-0.02032470703125,-0.5681949267210245,0.5478702196897745,1.0979207903172408,0.8350622117804058,-1.3861826660485526,0.001069883640799756
2,2,minQ_minus_current,-6.773284912109375,-12.379030830953418,5.605745918844043,11.241348081357758,-3.9026430987636234,-1.7321707762673155,-0.0007882874826916793
2,2,maxQ_minus_minQ,6.752960205078125,11.810835904232395,-5.057875699154269,-10.143427291040517,4.737705310544029,0.3459881102187605,0.0018581711234914352
2,3,NLL_minus_current,0.397216796875,3.3441197410988153,-2.9469029442238153,0.5413667524773098,-2.6290471543654537,-0.8592286322311278,6.089895469660854e-06
2,3,maxQ_minus_current,0.103546142578125,3.4954895513834456,-3.3919434088053206,-1.401779302011668,-4.756668617270701,2.765192706393935,0.001311804083193556
2,3,minQ_minus_current,-4.116058349609375,1.7181146940868777,-5.834173043696253,-1.6468701106611803,-4.597502141323509,0.4086500994862179,0.0015491088023190215
2,3,maxQ_minus_minQ,4.2196044921875,1.777374857296568,2.442229634890932,0.24509080864951294,-0.1591664759471918,2.3565426069077176,-0.00023730471912546548
3,0,NLL_minus_current,0.5911865234375,-6.683008584666276,7.274195108103776,6.584275491423043,0.10855717962148592,0.580988913417696,0.0003735236414673436
3,0,maxQ_minus_current,-0.27166748046875,-9.625057222059471,9.353389741590721,9.714436716220883,-1.0937324222520906,0.7323607328770582,0.00032471474484021255
3,0,minQ_minus_current,-4.470428466796875,-5.425360355226404,0.9549318884295293,1.9293089859558763,-0.43855629542996044,-0.5358719551228851,5.115302632547708e-05
3,0,maxQ_minus_minQ,4.198760986328125,-4.199696866833068,8.398457853161194,7.785127730265006,-0.6551761268221301,1.2682326879999435,0.0002735617185147354
3,1,NLL_minus_current,0.937347412109375,8.244395106511359,-7.307047694401985,-11.901509065950806,5.0837618224049335,-0.48953850497531937,0.00023805411930758727
3,1,maxQ_minus_current,0.3443603515625,0.9673734919643433,-0.6230131404018433,-5.847006486403128,4.586360944119785,0.6370899900480992,0.0005424118335000859
3,1,minQ_minus_current,-3.103729248046875,5.323332383943306,-8.427061631990181,-11.00917375529857,4.257337609718564,-1.6758285897978058,0.0006031033877232585
3,1,maxQ_minus_minQ,3.448089599609375,-4.355958891978963,7.804048491588338,5.162167268895439,0.32902333440122056,2.3129185798459053,-6.069155422317268e-05
3,2,NLL_minus_current,0.220184326171875,14.593134985508128,-14.372950659336253,-16.999092582138477,1.286236204327938,1.339296194029444,0.0006095244446238004
3,2,maxQ_minus_current,-0.129119873046875,8.471842303501557,-8.600962176548432,-6.356557179688859,-3.920874550225758,1.67679786677167,-0.0003283134055213875
3,2,minQ_minus_current,-3.667724609375,-2.0015509087080128,-1.6661737006669863,-5.481259413594275,1.611455396231091,2.2041819191187564,-0.0005516024226581311
3,2,maxQ_minus_minQ,3.538604736328125,10.473393212209569,-6.934788475881445,-0.8752977660945849,-5.532329946456848,-0.5273840523470861,0.00022328901713674395
3,3,NLL_minus_current,0.41412353515625,-0.37877887600323135,0.7929024111594813,-4.3864629366264225,3.5494893790497186,1.631348194450383,-0.0014722257144306724
3,3,maxQ_minus_current,-0.137298583984375,2.122934517449014,-2.260233101433389,-0.6911934536351594,-1.3214573747615792,-0.2461564396998116,-0.0014258333369574535
3,3,minQ_minus_current,-2.938385009765625,-3.6750412742132292,0.7366562644476042,-0.05938833825260437,2.3104011621720417,-1.5131745060667317,-0.001182053405219736
3,3,maxQ_minus_minQ,2.80108642578125,5.797975791662243,-2.9968893658809934,-0.6318051153825552,-3.6318585369336214,1.2670180663669202,-0.00024377993173771762
